pair_id,review_order,word,pos,material_labels,source_sense_id_a,definition_a,labels_a,examples_a,source_sense_id_b,definition_b,labels_b,examples_b,decision,review_notes
bank:noun:1f4cbf0e0bce:285c222cc4bb09fd,1,bank,noun,,WIK:wiktionary-20260901:m004.3-v1:en:0fa1221888fd16ba00cbf0a4:content:dddfd4e79e36815a343d910a:1:sense,A row of keys on a musical keyboard or the equivalent on a typewriter keyboard.,,,WIK:wiktionary-20260901:m004.3-v1:en:50905ed5becbbde994b7d164:content:ccc99e61e340272c45dc0669:1:sense,"A bench, or row of keys belonging to a keyboard, as in an organ.",,,MERGE,Same learner meaning: a bank/row of keyboard keys; wording/context differs.
bank:noun:1f4cbf0e0bce:864d69a5afa85f8c,2,bank,noun,,WIK:wiktionary-20260901:m004.3-v1:en:d39e2017df6b5a542077f5be:content:35b05158b94805494656acfb:1:sense,The sum of money etc. which the dealer or banker has as a fund from which to draw stakes and pay losses.,countable,,WIK:wiktionary-20260901:m004.3-v1:en:d39e2017df6b5a542077f5be:content:f1458e5fbe5985f06d9da777:1:sense,"In certain games, such as dominos, a fund of pieces from which the players are allowed to draw.",countable,,KEEP SEPARATE,Distinct learner use; preserve as separate meaning.
bank:noun:1f4cbf0e0bce:d80582ac89540606,3,bank,noun,,WIK:wiktionary-20260901:m004.3-v1:en:1df467ba0f9dc023d130e9d2:content:5cf437c1877da6316f91d339:1:sense,The face of the coal at which miners are working.,,,WIK:wiktionary-20260901:m004.3-v1:en:d39e2017df6b5a542077f5be:content:f1458e5fbe5985f06d9da777:1:sense,"In certain games, such as dominos, a fund of pieces from which the players are allowed to draw.",countable,,KEEP SEPARATE,Distinct learner use; preserve as separate meaning.
bark:noun:2c467fdc1bc5:77c508cd83cf6a5a,4,bark,noun,,WIK:wiktionary-20260901:m004.3-v1:en:6251578719ff81811ee36973:['en:Q184453']:3004c0ae866c157f0f281862:1:sense,The exterior covering of the trunk and branches of a tree or of various other woody plants.,countable;uncountable,"{""ref"": ""1879, Friedrich August Flückiger et al., Pharmacographia..., page 346:"", ""text"": ""The hardships of bark-collecting in the primeval forests of South America are of the severest kind, and undergone only by the half-civilized Indians and people of mixed race, in the pay of speculators or companies located in the towns. Those who are engaged in the business, especially the collectors themselves, are called Cascarilleros or Cascadores, from the Spanish word Cascara, bark."", ""type"": ""quotation""} | {""bold_text_offsets"": [[115, 119]], ""ref"": ""2012 December 26, John Branch, “Snow Fall: The Avalanche at Tunnel Creek”, in The New York Times, New York, N.Y.: The New York Times Company, →ISSN, →OCLC, archived from the original on 14 Nov 2013:"", ""text"": ""Moving about 70 miles per hour, it crashed through the sturdy old-growth trees, snapping their limbs and shredding bark from their trunks."", ""type"": ""quotation""}",WIK:wiktionary-20260901:m004.3-v1:en:d8b47022cb7104c6f56e3b83:['en:animal_sound']:f8c1ae621b49f2c70b43456d:1:sense,"The short, loud, explosive sound uttered by a dog, a fox, and some other animals.",,,KEEP SEPARATE,Distinct learner use; preserve as separate meaning.
bark:noun:2c467fdc1bc5:9237f7157dde367c,5,bark,noun,,WIK:wiktionary-20260901:m004.3-v1:en:2b8070a935061d302f45925e:content:40545291246d8510cffe582f:1:sense,"A vessel, typically with three (or more) masts, with the foremasts (or fore- and mainmasts) square-rigged, and mizzenmast schooner-rigged.",,"{""bold_text_offsets"": [[41, 46]], ""ref"": ""1997, Mark Kurlansky, Cod, page 114:"", ""text"": ""Europeans would cross the ocean in large barks built for deck space and large holds."", ""type"": ""quotation""}",WIK:wiktionary-20260901:m004.3-v1:en:2b8070a935061d302f45925e:content:509a8698d83eafbb32ca74a4:1:sense,A sailing vessel or boat of any kind.,poetic,"{""bold_text_offsets"": [[34, 38]], ""ref"": ""c. 1609, William Shakespeare, Sonnet 116:"", ""text"": ""It is the star to every wandering bark"", ""type"": ""quotation""} | {""bold_text_offsets"": [[149, 153]], ""ref"": ""1817 December, Percy Bysshe Shelley, “The Revolt of Islam. […]”, in [Mary] Shelley, editor, The Poetical Works of Percy Bysshe Shelley. […], volume I, London: Edward Moxon […], published 1839, →OCLC, page 272:"", ""text"": ""We know not where we go, or what sweet dream\nMay pilot us through caverns strange and fair\nOf far and pathless passion, while the stream\nOf life our bark doth on its whirlpools bear,\nSpreading swift wings as sails to the dim air; […]"", ""type"": ""quotation""} | {""bold_text_offsets"": [[11, 15]], ""ref"": ""a. 1887 (date written), Emily Dickinson, “[Book I.—Life] Whether my bark went down at sea”, in Mabel Loomis Todd and T[homas] W[entworth] Higginson, editors, Poems, First Series, Boston, Mass.: Roberts Brothers, published 1890, →OCLC, page 38:"", ""text"": ""Whether my bark went down at sea, / Whether she met with gales, […]"", ""type"": ""quotation""}",UNCERTAIN,"Subtype versus generic vessel sense. Could be one learner container with a specialized subtype, but separation is also defensible."
break:verb:f8dfda58f7a7:1d49a2d65030a29f,6,break,verb,,WIK:wiktionary-20260901:m004.3-v1:en:73938374c95fe26cac53c563:content:57ef5a2d0616f290274dbf89:1:sense,To interrupt; to destroy the continuity of; to dissolve or terminate. | Of prices on the stock exchange: to fall suddenly.,intransitive;transitive,"{""bold_text_offsets"": [[180, 185]], ""ref"": ""2008, George Angell, Small Stocks for Big Profits:"", ""text"": ""With a few exceptions, stock prices tend to follow the overall market averages. When you have a market decline, therefore, many stocks share the same overall chart pattern. Prices break and go sideways for a period of time."", ""type"": ""quotation""}",WIK:wiktionary-20260901:m004.3-v1:en:73938374c95fe26cac53c563:content:da659c6c5926a19f8b7f6a13:1:sense,To interrupt; to destroy the continuity of; to dissolve or terminate. | To end (a connection); to disconnect.,transitive,"{""bold_text_offsets"": [[34, 39]], ""text"": ""The referee ordered the boxers to break the clinch."", ""type"": ""example""} | {""bold_text_offsets"": [[12, 17]], ""text"": ""The referee broke the boxers' clinch."", ""type"": ""example""} | {""bold_text_offsets"": [[44, 49]], ""text"": ""I couldn’t hear a thing he was saying, so I broke the connection and called him back."", ""type"": ""example""} | {""bold_text_offsets"": [[3, 8]], ""tags"": [""collocation""], ""text"": ""to break an electric circuit"", ""type"": ""example""}",KEEP SEPARATE,Distinct learner use; preserve as separate meaning.
break:verb:f8dfda58f7a7:38452cc3bd0a93d8,7,break,verb,,WIK:wiktionary-20260901:m004.3-v1:en:73938374c95fe26cac53c563:content:57ef5a2d0616f290274dbf89:1:sense,To interrupt; to destroy the continuity of; to dissolve or terminate. | Of prices on the stock exchange: to fall suddenly.,intransitive;transitive,"{""bold_text_offsets"": [[180, 185]], ""ref"": ""2008, George Angell, Small Stocks for Big Profits:"", ""text"": ""With a few exceptions, stock prices tend to follow the overall market averages. When you have a market decline, therefore, many stocks share the same overall chart pattern. Prices break and go sideways for a period of time."", ""type"": ""quotation""}",WIK:wiktionary-20260901:m004.3-v1:en:73938374c95fe26cac53c563:content:c77524f4dce52e1a6db77714:1:sense,To interrupt; to destroy the continuity of; to dissolve or terminate. | To end the run of (a play).,transitive,"{""bold_text_offsets"": [[18, 23]], ""ref"": ""1958, Walter Macqueen-Pope, St. James's: Theatre of Distinction, page 134:"", ""text"": ""In July Alexander broke the run and went on tour, as was his custom. He believed in keeping in touch with provincial audiences and how wise he was!"", ""type"": ""quotation""} | {""bold_text_offsets"": [[20, 25]], ""ref"": ""1986, Kurt Gänzl, The British Musical Theatre: 1865-1914, page 610:"", ""text"": ""After Camberwell he broke the play's season and brought it back in the autumn with a few revisions and a noticeably strengthened cast but without any special success."", ""type"": ""quotation""}",KEEP SEPARATE,Distinct learner use; preserve as separate meaning.
break:verb:f8dfda58f7a7:3fc6606b95123405,8,break,verb,,WIK:wiktionary-20260901:m004.3-v1:en:73938374c95fe26cac53c563:content:57ef5a2d0616f290274dbf89:1:sense,To interrupt; to destroy the continuity of; to dissolve or terminate. | Of prices on the stock exchange: to fall suddenly.,intransitive;transitive,"{""bold_text_offsets"": [[180, 185]], ""ref"": ""2008, George Angell, Small Stocks for Big Profits:"", ""text"": ""With a few exceptions, stock prices tend to follow the overall market averages. When you have a market decline, therefore, many stocks share the same overall chart pattern. Prices break and go sideways for a period of time."", ""type"": ""quotation""}",WIK:wiktionary-20260901:m004.3-v1:en:73938374c95fe26cac53c563:content:f9559121647a23f647548297:1:sense,To interrupt; to destroy the continuity of; to dissolve or terminate. | To end the continuity or consistency of something.,transitive,"{""bold_text_offsets"": [[4, 9]], ""text"": ""She broke the matching set by buying a one of a kind item."", ""type"": ""example""}",KEEP SEPARATE,Distinct learner use; preserve as separate meaning.
break:verb:f8dfda58f7a7:4f57857d75ec37d0,9,break,verb,,WIK:wiktionary-20260901:m004.3-v1:en:73938374c95fe26cac53c563:content:7099a90c2791c9f3398613bb:1:sense,To change a steady state abruptly. | To counter-attack.,intransitive;transitive,"{""bold_text_offsets"": [[58, 63]], ""ref"": ""2010 December 28, Kevin Darlin, “West Brom 1 - 3 Blackburn”, in BBC:"", ""text"": ""The Baggies almost hit back instantly when Graham Dorrans broke from midfield and pulled the trigger from 15 yards but Paul Robinson did superbly to tip the Scot's drive around the post."", ""type"": ""quotation""}",WIK:wiktionary-20260901:m004.3-v1:en:73938374c95fe26cac53c563:content:db3797dceecdf3b9f81a1175:1:sense,To change a steady state abruptly.,transitive,"{""bold_text_offsets"": [[13, 18]], ""text"": ""His coughing broke the silence."", ""type"": ""example""} | {""bold_text_offsets"": [[26, 31]], ""text"": ""His turning on the lights broke the enchantment."", ""type"": ""example""} | {""bold_text_offsets"": [[14, 20]], ""text"": ""With the mood broken, what we had been doing seemed pretty silly."", ""type"": ""example""}",KEEP SEPARATE,Distinct learner use; preserve as separate meaning.
break:verb:f8dfda58f7a7:521411d623030b13,10,break,verb,,WIK:wiktionary-20260901:m004.3-v1:en:73938374c95fe26cac53c563:content:5e72c0a29577ececb3770f7c:1:sense,"To separate into two or more pieces, to fracture or crack, by a process that cannot easily be reversed for reassembly. | To crack or fracture (bone) under a physical strain.",ergative;intransitive;transitive,"{""bold_text_offsets"": [[9, 14]], ""text"": ""His ribs broke under the weight of the rocks piled on his chest."", ""type"": ""example""} | {""bold_text_offsets"": [[26, 31]], ""text"": ""He slipped on the ice and broke his leg."", ""type"": ""example""}",WIK:wiktionary-20260901:m004.3-v1:en:73938374c95fe26cac53c563:content:e01926b5b98f3ab42f60dd0f:1:sense,"To separate into two or more pieces, to fracture or crack, by a process that cannot easily be reversed for reassembly.",ergative;intransitive;transitive,"{""bold_text_offsets"": [[41, 46]], ""text"": ""If the vase falls to the floor, it might break."", ""type"": ""example""} | {""bold_text_offsets"": [[49, 54]], ""text"": ""In order to tend to the accident victim, he will break the window of the car."", ""type"": ""example""} | {""bold_text_offsets"": [[167, 172]], ""ref"": ""2012 May 8, Yotam Ottolenghi, Sami Tamimi, Ottolenghi: The Cookbook, Random House, →ISBN, page 79:"", ""text"": ""First, marinate the tofu. In a bowl, whisk the kecap manis, chilli sauce, and sesame oil together. Cut the tofu into strips about 1cm thick, mix gently (so it doesn't break) with the marinade and leave in the fridge for half an hour."", ""type"": ""quotation""}",MERGE,Bone fracture is an ordinary contextual application of the general crack/fracture meaning.
break:verb:f8dfda58f7a7:5eab63d23a15ca64,11,break,verb,,WIK:wiktionary-20260901:m004.3-v1:en:73938374c95fe26cac53c563:content:0d61d60e61e36081d95453ef:1:sense,To change a steady state abruptly. | To end.,intransitive;transitive,"{""bold_text_offsets"": [[39, 44]], ""text"": ""The forecast says the hot weather will break by midweek."", ""type"": ""example""}",WIK:wiktionary-20260901:m004.3-v1:en:73938374c95fe26cac53c563:content:a4df20fb3f7fa952fea4471c:1:sense,To change a steady state abruptly. | To begin or end.,intransitive;transitive,"{""bold_text_offsets"": [[40, 45]], ""text"": ""We ran to find shelter before the storm broke."", ""type"": ""example""} | {""bold_text_offsets"": [[24, 29]], ""text"": ""Around midday the storm broke, and the afternoon was calm and sunny."", ""type"": ""example""}",UNCERTAIN,"One sense says 'end'; the other says 'begin or end'. Overlap is strong, but the added beginning meaning may warrant separation."
break:verb:f8dfda58f7a7:62bfbc97b00e55f6,12,break,verb,,WIK:wiktionary-20260901:m004.3-v1:en:73938374c95fe26cac53c563:content:344367fe36d07159f0c46557:1:sense,To change a steady state abruptly. | To make by forcing one's way through.,transitive,"{""bold_text_offsets"": [[13, 18]], ""text"": ""It's time to break a trail through the park."", ""type"": ""example""}",WIK:wiktionary-20260901:m004.3-v1:en:73938374c95fe26cac53c563:content:a523e8f6357eeb03f71f2447:1:sense,To change a steady state abruptly. | To force one's way through.,transitive,"{""bold_text_offsets"": [[14, 19]], ""text"": ""Her promotion broke America's racial barriers."", ""type"": ""example""}",MERGE,Same learner concept: forcing a way through; one phrasing emphasizes the result made.
break:verb:f8dfda58f7a7:70c65848faabf0e3,13,break,verb,,WIK:wiktionary-20260901:m004.3-v1:en:73938374c95fe26cac53c563:content:e0bbea49dba7fc1848d1f410:1:sense,To cause (a person or animal) to lose spirit or will; to crush the spirits of.,transitive,"{""bold_text_offsets"": [[18, 23]], ""text"": ""Her child’s death broke Angela."", ""type"": ""example""} | {""bold_text_offsets"": [[49, 54]], ""text"": ""Interrogators have used many forms of torture to break prisoners of war."", ""type"": ""example""} | {""bold_text_offsets"": [[26, 31]], ""text"": ""The interrogator hoped to break her to get her testimony against her accomplices."", ""type"": ""example""} | {""bold_text_offsets"": [[106, 114]], ""ref"": ""1611, The Holy Bible, […] (King James Version), London: […] Robert Barker, […], →OCLC, Job 9:16–17:"", ""text"": ""If I had called, and had answered me, yet would I not beleeue that he had hearkened vnto my voice: For he breaketh me with a tempest, and multiplieth my wounds without cause."", ""type"": ""quotation""} | {""bold_text_offsets"": [[12, 18]], ""ref"": ""1613 (date written), William Shakespeare, [John Fletcher], “The Famous History of the Life of King Henry the Eight”, in Mr. William Shakespeares Comedies, Histories, & Tragedies […] (First Folio), London: […] Isaac Iaggard, and Ed[ward] Blount, published 1623, →OCLC, [Act IV, scene ii]:"", ""text"": ""An old man, broken with the storms of state,\nIs come to lay his weary bones among ye;\nGive him a little earth for charity"", ""type"": ""quotation""}",WIK:wiktionary-20260901:m004.3-v1:en:73938374c95fe26cac53c563:content:e9c85675db3f88df491f4c27:1:sense,To cause (a person or animal) to lose spirit or will; to crush the spirits of. | To turn an animal into a beast of burden.,transitive,"{""bold_text_offsets"": [[44, 50]], ""ref"": ""2002, John Fusco, Spirit: Stallion of the Cimarron:"", ""text"": ""Colonel: See, gentlemen? Any horse could be broken."", ""type"": ""quotation""} | {""bold_text_offsets"": [[12, 17]], ""text"": ""You have to break an elephant before you can use it as an animal of burden."", ""type"": ""example""}",KEEP SEPARATE,Distinct learner use; preserve as separate meaning.
break:verb:f8dfda58f7a7:710b034e5dd77909,14,break,verb,,WIK:wiktionary-20260901:m004.3-v1:en:73938374c95fe26cac53c563:content:a4df20fb3f7fa952fea4471c:1:sense,To change a steady state abruptly. | To begin or end.,intransitive;transitive,"{""bold_text_offsets"": [[40, 45]], ""text"": ""We ran to find shelter before the storm broke."", ""type"": ""example""} | {""bold_text_offsets"": [[24, 29]], ""text"": ""Around midday the storm broke, and the afternoon was calm and sunny."", ""type"": ""example""}",WIK:wiktionary-20260901:m004.3-v1:en:73938374c95fe26cac53c563:content:df77e647d455eef56ac340e9:1:sense,To change a steady state abruptly. | To end a fever. | To successfully treat or resist (a fever).,transitive,"{""bold_text_offsets"": [[14, 19]], ""text"": ""The treatment broke my fever."", ""type"": ""example""} | {""bold_text_offsets"": [[5, 10]], ""text"": ""Carl broke his fever this morning."", ""type"": ""example""}",KEEP SEPARATE,Distinct learner use; preserve as separate meaning.
break:verb:f8dfda58f7a7:a3993574a8c3c46c,15,break,verb,,WIK:wiktionary-20260901:m004.3-v1:en:73938374c95fe26cac53c563:content:0d61d60e61e36081d95453ef:1:sense,To change a steady state abruptly. | To end.,intransitive;transitive,"{""bold_text_offsets"": [[39, 44]], ""text"": ""The forecast says the hot weather will break by midweek."", ""type"": ""example""}",WIK:wiktionary-20260901:m004.3-v1:en:73938374c95fe26cac53c563:content:db3797dceecdf3b9f81a1175:1:sense,To change a steady state abruptly.,transitive,"{""bold_text_offsets"": [[13, 18]], ""text"": ""His coughing broke the silence."", ""type"": ""example""} | {""bold_text_offsets"": [[26, 31]], ""text"": ""His turning on the lights broke the enchantment."", ""type"": ""example""} | {""bold_text_offsets"": [[14, 20]], ""text"": ""With the mood broken, what we had been doing seemed pretty silly."", ""type"": ""example""}",UNCERTAIN,Generic abrupt state change versus the narrower 'end' use. Learner-level grouping is defensible either way.
break:verb:f8dfda58f7a7:a5816afd386e9397,16,break,verb,,WIK:wiktionary-20260901:m004.3-v1:en:73938374c95fe26cac53c563:content:bb644c12147496009737dca6:1:sense,"To separate into two or more pieces, to fracture or crack, by a process that cannot easily be reversed for reassembly. | To change the orderliness or compactness of an arrangement.",ergative;intransitive;transitive,"{""bold_text_offsets"": [[12, 17]], ""text"": ""The soldier broke formation."", ""type"": ""example""}",WIK:wiktionary-20260901:m004.3-v1:en:73938374c95fe26cac53c563:content:e01926b5b98f3ab42f60dd0f:1:sense,"To separate into two or more pieces, to fracture or crack, by a process that cannot easily be reversed for reassembly.",ergative;intransitive;transitive,"{""bold_text_offsets"": [[41, 46]], ""text"": ""If the vase falls to the floor, it might break."", ""type"": ""example""} | {""bold_text_offsets"": [[49, 54]], ""text"": ""In order to tend to the accident victim, he will break the window of the car."", ""type"": ""example""} | {""bold_text_offsets"": [[167, 172]], ""ref"": ""2012 May 8, Yotam Ottolenghi, Sami Tamimi, Ottolenghi: The Cookbook, Random House, →ISBN, page 79:"", ""text"": ""First, marinate the tofu. In a bowl, whisk the kecap manis, chilli sauce, and sesame oil together. Cut the tofu into strips about 1cm thick, mix gently (so it doesn't break) with the marinade and leave in the fridge for half an hour."", ""type"": ""quotation""}",KEEP SEPARATE,Distinct learner use; preserve as separate meaning.
break:verb:f8dfda58f7a7:aac97fe4d561e3b8,17,break,verb,,WIK:wiktionary-20260901:m004.3-v1:en:73938374c95fe26cac53c563:content:db3797dceecdf3b9f81a1175:1:sense,To change a steady state abruptly.,transitive,"{""bold_text_offsets"": [[13, 18]], ""text"": ""His coughing broke the silence."", ""type"": ""example""} | {""bold_text_offsets"": [[26, 31]], ""text"": ""His turning on the lights broke the enchantment."", ""type"": ""example""} | {""bold_text_offsets"": [[14, 20]], ""text"": ""With the mood broken, what we had been doing seemed pretty silly."", ""type"": ""example""}",WIK:wiktionary-20260901:m004.3-v1:en:73938374c95fe26cac53c563:content:e7bf4afad04d8bd0f080669a:1:sense,To change a steady state abruptly. | To arrive.,intransitive;transitive,"{""bold_text_offsets"": [[12, 18]], ""text"": ""Morning has broken."", ""type"": ""example""} | {""bold_text_offsets"": [[8, 13]], ""text"": ""The day broke crisp and clear."", ""type"": ""example""} | {""bold_text_offsets"": [[18, 23]], ""ref"": ""1591 (date written), William Shakespeare, “The First Part of Henry the Sixt”, in Mr. William Shakespeares Comedies, Histories, & Tragedies […] (First Folio), London: […] Isaac Iaggard, and Ed[ward] Blount, published 1623, →OCLC, [Act II, scene ii]:"", ""text"": ""The day begins to break, and night is fled."", ""type"": ""quotation""}",KEEP SEPARATE,Distinct learner use; preserve as separate meaning.
break:verb:f8dfda58f7a7:b78dcdc58903a0bb,18,break,verb,,WIK:wiktionary-20260901:m004.3-v1:en:73938374c95fe26cac53c563:content:07a144c2b04a076f9e3e3287:1:sense,"To stop, or to cause to stop, functioning properly or altogether. | To prove a falsity.",intransitive;transitive,"{""bold_text_offsets"": [[20, 25]], ""text"": ""The detectives will break her alibi."", ""type"": ""example""}",WIK:wiktionary-20260901:m004.3-v1:en:73938374c95fe26cac53c563:content:6eeb83a230cd42a1867eff38:1:sense,"To stop, or to cause to stop, functioning properly or altogether.",intransitive;transitive,"{""bold_text_offsets"": [[48, 53]], ""text"": ""On the hottest day of the year the refrigerator broke."", ""type"": ""example""} | {""bold_text_offsets"": [[12, 17]], ""text"": ""Did you two break the trolley by racing with it?"", ""type"": ""example""}",KEEP SEPARATE,Distinct learner use; preserve as separate meaning.
break:verb:f8dfda58f7a7:cd991986d739e8c6,19,break,verb,,WIK:wiktionary-20260901:m004.3-v1:en:73938374c95fe26cac53c563:content:7099a90c2791c9f3398613bb:1:sense,To change a steady state abruptly. | To counter-attack.,intransitive;transitive,"{""bold_text_offsets"": [[58, 63]], ""ref"": ""2010 December 28, Kevin Darlin, “West Brom 1 - 3 Blackburn”, in BBC:"", ""text"": ""The Baggies almost hit back instantly when Graham Dorrans broke from midfield and pulled the trigger from 15 yards but Paul Robinson did superbly to tip the Scot's drive around the post."", ""type"": ""quotation""}",WIK:wiktionary-20260901:m004.3-v1:en:73938374c95fe26cac53c563:content:b63b3b2cb20b026bca9c909d:1:sense,To change a steady state abruptly. | To solve a code or case.,transitive,"{""bold_text_offsets"": [[10, 15]], ""text"": ""That news broke the case wide open."", ""type"": ""example""} | {""bold_text_offsets"": [[15, 20]], ""text"": ""The detectives broke the Hamptons murder."", ""type"": ""example""} | {""bold_text_offsets"": [[14, 19]], ""text"": ""It's vital we break the code."", ""type"": ""example""}",KEEP SEPARATE,Distinct learner use; preserve as separate meaning.
break:verb:f8dfda58f7a7:d62b2171b7987398,20,break,verb,,WIK:wiktionary-20260901:m004.3-v1:en:73938374c95fe26cac53c563:content:3bba59c0d39364b37d757651:1:sense,"To stop, or to cause to stop, functioning properly or altogether. | To surpass or do better than (a specific number); to do better than (a record), setting a new record. | To do better than a specified value.",intransitive;transitive,"{""bold_text_offsets"": [[15, 20]], ""text"": ""He's hoping to break 90."", ""type"": ""example""}",WIK:wiktionary-20260901:m004.3-v1:en:73938374c95fe26cac53c563:content:f51b0248218de73b255c1ab9:1:sense,"To stop, or to cause to stop, functioning properly or altogether. | To surpass or do better than (a specific number); to do better than (a record), setting a new record.",intransitive;transitive,"{""bold_text_offsets"": [[3, 8]], ""text"": ""He broke the men's 100-meter record."", ""type"": ""example""} | {""bold_text_offsets"": [[20, 25]], ""text"": ""I can't believe she broke 3 under par!"", ""type"": ""example""} | {""bold_text_offsets"": [[14, 19]], ""text"": ""The policeman broke sixty on a residential street in his hurry to catch the thief."", ""type"": ""example""}",MERGE,Same learner meaning: surpass a record/value; added wording is a near-paraphrase.
break:verb:f8dfda58f7a7:eb6d8e1adeea8808,21,break,verb,,WIK:wiktionary-20260901:m004.3-v1:en:73938374c95fe26cac53c563:content:b63b3b2cb20b026bca9c909d:1:sense,To change a steady state abruptly. | To solve a code or case.,transitive,"{""bold_text_offsets"": [[10, 15]], ""text"": ""That news broke the case wide open."", ""type"": ""example""} | {""bold_text_offsets"": [[15, 20]], ""text"": ""The detectives broke the Hamptons murder."", ""type"": ""example""} | {""bold_text_offsets"": [[14, 19]], ""text"": ""It's vital we break the code."", ""type"": ""example""}",WIK:wiktionary-20260901:m004.3-v1:en:73938374c95fe26cac53c563:content:e7bf4afad04d8bd0f080669a:1:sense,To change a steady state abruptly. | To arrive.,intransitive;transitive,"{""bold_text_offsets"": [[12, 18]], ""text"": ""Morning has broken."", ""type"": ""example""} | {""bold_text_offsets"": [[8, 13]], ""text"": ""The day broke crisp and clear."", ""type"": ""example""} | {""bold_text_offsets"": [[18, 23]], ""ref"": ""1591 (date written), William Shakespeare, “The First Part of Henry the Sixt”, in Mr. William Shakespeares Comedies, Histories, & Tragedies […] (First Folio), London: […] Isaac Iaggard, and Ed[ward] Blount, published 1623, →OCLC, [Act II, scene ii]:"", ""text"": ""The day begins to break, and night is fled."", ""type"": ""quotation""}",KEEP SEPARATE,Distinct learner use; preserve as separate meaning.
break:verb:f8dfda58f7a7:feb550dc19fd99d1,22,break,verb,,WIK:wiktionary-20260901:m004.3-v1:en:73938374c95fe26cac53c563:content:0d61d60e61e36081d95453ef:1:sense,To change a steady state abruptly. | To end.,intransitive;transitive,"{""bold_text_offsets"": [[39, 44]], ""text"": ""The forecast says the hot weather will break by midweek."", ""type"": ""example""}",WIK:wiktionary-20260901:m004.3-v1:en:73938374c95fe26cac53c563:content:df77e647d455eef56ac340e9:1:sense,To change a steady state abruptly. | To end a fever. | To successfully treat or resist (a fever).,transitive,"{""bold_text_offsets"": [[14, 19]], ""text"": ""The treatment broke my fever."", ""type"": ""example""} | {""bold_text_offsets"": [[5, 10]], ""text"": ""Carl broke his fever this morning."", ""type"": ""example""}",KEEP SEPARATE,Distinct learner use; preserve as separate meaning.
charge:noun:8b49b912413a:5a79e6778413c507,23,charge,noun,,WIK:wiktionary-20260901:m004.3-v1:en:511b5dea4d546d375ef9e28d:content:473d99515573accb661aea34:1:sense,An electric charge.,countable;uncountable,,WIK:wiktionary-20260901:m004.3-v1:en:619a6106334faac734a6d9c2:content:71bd2b0711fd89b95dab5391:1:sense,Ellipsis of CHARGE syndrome.,abbreviation;alt-of;ellipsis;uncountable,,KEEP SEPARATE,Distinct learner use; preserve as separate meaning.
charge:noun:8b49b912413a:c1f8d19006ac7ddf,24,charge,noun,,WIK:wiktionary-20260901:m004.3-v1:en:511b5dea4d546d375ef9e28d:['en:accusation']:1a485fbee79f09d21bf5269f:1:sense,An accusation. | An official description (by the police or a court) of a crime that somebody may be guilty of.,countable;uncountable,"{""bold_text_offsets"": [[4, 11]], ""text"": ""two charges of manslaughter"", ""type"": ""example""} | {""bold_text_offsets"": [[97, 103]], ""ref"": ""2006, Noire [pseudonym], Thug-A-Licious: An Urban Erotic Tale, New York, N.Y.: One World, Ballantine Books, →ISBN, page 108:"", ""text"": ""\""Ain't gone be no Rikers Island for you next time,\"" I warned him. \""You get tapped on another gun charge and you looking at some upstate time.\"""", ""type"": ""quotation""}",WIK:wiktionary-20260901:m004.3-v1:en:511b5dea4d546d375ef9e28d:['en:accusation']:5f3c2270ce89c270d1bc68e2:1:sense,An accusation. | An accusation by a person or organization.,countable;uncountable,"{""bold_text_offsets"": [[20, 26]], ""text"": ""That's a slanderous charge of abuse of trust."", ""type"": ""example""} | {""bold_text_offsets"": [[56, 62]], ""ref"": ""2005, Plato, translated by Lesley Brown, Sophist, page 261a:"", ""text"": ""we'll nail the sophist to it, if we can get him on that charge;"", ""type"": ""quotation""} | {""bold_text_offsets"": [[2, 8]], ""ref"": ""2006, Michael Pollan, The Omnivore's Dilemma, The Penguin Press, →ISBN, page 150:"", ""text"": ""A charge often leveled against organic agriculture is that it is more philosophy than science."", ""type"": ""quotation""}",MERGE,Same learner meaning: an accusation/charge; legal wording is a contextual specification.
cleave:verb:06bbcdfef61b:b90d5075d1e6ab47,25,cleave,verb,,WIK:wiktionary-20260901:m004.3-v1:en:5bdc174aaad3809d86706b9e:content:3a695028f3717fa6645da0e2:1:sense,"Of a crystal, to split along a natural plane of division.",intransitive,,WIK:wiktionary-20260901:m004.3-v1:en:5bdc174aaad3809d86706b9e:content:50f643c97ee783e0ef17d128:1:sense,"To break a single crystal (such as a gemstone or semiconductor wafer) along one of its more symmetrical crystallographic planes (often by impact), forming facets on the resulting pieces.",transitive,,MERGE,Same technical learner meaning: a crystal splitting along a crystallographic plane.
fall:verb:0d758ea45d42:3d583b997a190bc0,26,fall,verb,,WIK:wiktionary-20260901:m004.3-v1:en:36a4aef5a80fec1ea062afa8:content:8afb260acdee4905b1ed1ec4:1:sense,"To be moved downwards. | To come down, to drop or descend.",intransitive,"{""bold_text_offsets"": [[9, 13]], ""text"": ""The rain fell at dawn."", ""type"": ""example""} | {""bold_text_offsets"": [[9, 13]], ""ref"": ""1920, Herman Cyril McNeile, chapter 1, in Bulldog Drummond:"", ""text"": ""Her eyes fell on the table, and she advanced into the room wiping her hands on her apron."", ""type"": ""quotation""} | {""bold_text_offsets"": [[262, 269]], ""ref"": ""2018 June 13, Rory Smith, “IQ scores are falling and have been for decades, new study finds”, in CNN:"", ""text"": ""The study not only showed IQ variance between children the same parents, but because the authors had the IQ scores of various parents, it demonstrated that parents with higher IQs tended to have more kids, ruling out the dysgenic fertility theory as a driver of falling IQ scores and highlighting the role of environmental factors instead."", ""type"": ""quotation""}",WIK:wiktionary-20260901:m004.3-v1:en:36a4aef5a80fec1ea062afa8:content:eb84e5132f55529986ee527f:1:sense,To be moved downwards. | To come as if by dropping down.,intransitive,"{""bold_text_offsets"": [[22, 26]], ""ref"": ""1898, William Le Queux, Whoso Findeth a Wife, page 256:"", ""text"": ""Once or twice a noise fell upon his quick ear, and we halted, he standing revolver in hand in an attitude of defense. Each time, however, we ascertained that we had no occasion for alarm, the noise being made by some animal or bird ..."", ""type"": ""quotation""} | {""bold_text_offsets"": [[23, 27]], ""ref"": ""1904, Bram Stoker, The Jewel of Seven Stars, page 248:"", ""text"": ""And then a sudden calm fell on us like a cloud of fear. There! on the table, lay the Jewel of Seven Stars, shining and sparkling with lurid light, as though each of the seven points of each of the seven stars gleamed through blood!"", ""type"": ""quotation""} | {""ref"": ""1971, Henry Raup Wagner, Spanish Explorations in the Strait of Juan de Fuca"", ""text"": ""Shortly afterwards a breeze came up from the N […] dark clouds closing in over everything. At 3 in the afternoon the breeze came up from the S with a thick drizzle. Thus night fell, and thus we passed the rest of it.""} | {""bold_text_offsets"": [[154, 158]], ""ref"": ""1981, Dan Kirby, Schreiber's Choice, Ace Books, →ISBN:"", ""text"": ""The horse wrangler, a tall, bronzed-face man, waved to the wagon driver. The driver laughed. […] The canvas cover rolled up suddenly and a terrible noise fell over the desert."", ""type"": ""quotation""}",UNCERTAIN,Literal downward motion versus figurative 'come as if dropping'. Related extension; product-level grouping is debatable.
field:noun:97dd1089cae3:2fc18572b9210803,27,field,noun,,WIK:wiktionary-20260901:m004.3-v1:en:f70911a67ddfdf857bb4d688:['en:sports: area reserved for playing a game']:1f62055c97c8a69f87642df0:1:sense,A place where competitive matches are carried out. | An area reserved for playing a game or race with one’s physical force. | The outfield.,,,WIK:wiktionary-20260901:m004.3-v1:en:f70911a67ddfdf857bb4d688:['en:sports: area reserved for playing a game']:a8ebbbbf574fef2b0964b559:1:sense,A place where competitive matches are carried out. | An area reserved for playing a game or race with one’s physical force.,,"{""bold_text_offsets"": [[7, 12]], ""text"": ""soccer field"", ""type"": ""example""} | {""bold_text_offsets"": [[38, 43]], ""text"": ""Substitutes are only allowed onto the field after their boots are checked."", ""type"": ""example""} | {""bold_text_offsets"": [[439, 444]], ""ref"": ""1848, Anthony Trollope, The Kellys and the O’Kellys, Chap. III:"", ""text"": ""Blake was a thorough gambler, and knew well how to make the most of the numerous chances which the turf afforded him. He had a large stud of horses, to the training and working of which he attended almost as closely as the person whom he paid for doing so. But it was in the betting-ring that he was most formidable. It was said, in Kildare Street, that no one at Tattersall's could beat him at a book. He had latterly been trying a wider field than the Curragh supplied him and had, on one or two occasions, run a horse in England with such success, as had placed him, at any rate, quite at the top of the Irish sporting tree."", ""type"": ""quotation""}",KEEP SEPARATE,Distinct learner use; preserve as separate meaning.
field:noun:97dd1089cae3:63d8b33c6d55e35a,28,field,noun,,WIK:wiktionary-20260901:m004.3-v1:en:f70911a67ddfdf857bb4d688:['en:in mathematics']:391f4d7cbc6be08b9eba4b45:1:sense,"Any of various figurative meanings, often dead metaphors. | Any of certain structures serving cognition. | A non-zero commutative ring in which all non-zero elements are invertible; a simple commutative ring.",,"{""bold_text_offsets"": [[72, 77]], ""text"": ""The set of rational numbers, #92;mathbb#123;Q#125;, is the prototypical field."", ""type"": ""example""} | {""bold_text_offsets"": [[134, 139]], ""text"": ""Whereas a ring has three binary operators: (1) an additive operator, (2) a subtractive operator, and (3) a multiplicative operator, a field has four binary operators: the three ring binary operators and (4) a divisive operator. (N.B.: Only the additive and multiplicative operators are axiomatic. The subtractive operator may be derived by combining the additive and the unary negative operators; the divisive operator may be derived by combining the multiplicative and the unary inversive operators.)"", ""type"": ""example""}",WIK:wiktionary-20260901:m004.3-v1:en:f70911a67ddfdf857bb4d688:content:310c7f953fbb5af7adfc0478:1:sense,"Any of various figurative meanings, often dead metaphors. | Any of certain structures serving cognition. | A realm of practical, direct or natural operation, contrasted with an office, classroom, or laboratory.",,"{""bold_text_offsets"": [[23, 28]], ""text"": ""The design needs to be field-tested before we commit to manufacture."", ""type"": ""example""} | {""bold_text_offsets"": [[0, 5]], ""text"": ""Field work traditionally distinguishes true archaeologists from armchair archaeologists."", ""type"": ""example""} | {""bold_text_offsets"": [[26, 31]], ""text"": ""He needs some time in the field before his judgment can be trusted."", ""type"": ""example""}",KEEP SEPARATE,Distinct learner use; preserve as separate meaning.
field:noun:97dd1089cae3:96aff20a4bd4a5ad,29,field,noun,,WIK:wiktionary-20260901:m004.3-v1:en:f70911a67ddfdf857bb4d688:['en:in mathematics']:391f4d7cbc6be08b9eba4b45:1:sense,"Any of various figurative meanings, often dead metaphors. | Any of certain structures serving cognition. | A non-zero commutative ring in which all non-zero elements are invertible; a simple commutative ring.",,"{""bold_text_offsets"": [[72, 77]], ""text"": ""The set of rational numbers, #92;mathbb#123;Q#125;, is the prototypical field."", ""type"": ""example""} | {""bold_text_offsets"": [[134, 139]], ""text"": ""Whereas a ring has three binary operators: (1) an additive operator, (2) a subtractive operator, and (3) a multiplicative operator, a field has four binary operators: the three ring binary operators and (4) a divisive operator. (N.B.: Only the additive and multiplicative operators are axiomatic. The subtractive operator may be derived by combining the additive and the unary negative operators; the divisive operator may be derived by combining the multiplicative and the unary inversive operators.)"", ""type"": ""example""}",WIK:wiktionary-20260901:m004.3-v1:en:f70911a67ddfdf857bb4d688:content:aa1e4975dd38e7a53ec1c61a:1:sense,"Any of various figurative meanings, often dead metaphors. | Any of certain structures serving cognition. | An unrestricted or favourable opportunity for action, operation, or achievement.",,"{""bold_text_offsets"": [[414, 419]], ""ref"": ""1848, Thomas Macaulay, chapter IV, in The History Of England From the Accession of James II, volume 1:"", ""text"": ""Penn was without doubt a man of eminent virtues. He had a strong sense of religious duty and a fervent desire to promote the happiness of mankind. On one or two points of high importance, he had notions more correct than were, in his day, common even among men of enlarged minds: and as the proprietor and legislator of a province which, being almost uninhabited when it came into his possession, afforded a clear field for moral experiments, he had the rare good fortune of being able to carry his theories into practice without any compromise, and yet without any shock to existing institutions."", ""type"": ""quotation""} | {""bold_text_offsets"": [[224, 229]], ""ref"": ""1873 May 1 – December 22 (date written), Anthony Trollope, chapter 2, in The Way We Live Now. […], volume (please specify |volume=I or II), London: Chapman and Hall, […], published June 1875, →OCLC:"", ""text"": ""Tidings had reached her of this and the other man’s success, and,—coming near to her still,—of this and that other woman’s earnings in literature. And it had seemed to her that, within moderate limits, she might give a wide field to her hopes."", ""type"": ""quotation""}",KEEP SEPARATE,Distinct learner use; preserve as separate meaning.
field:noun:97dd1089cae3:97891656c1b56f13,30,field,noun,,"WIK:wiktionary-20260901:m004.3-v1:en:f70911a67ddfdf857bb4d688:['en:land area free of woodland, cities, and towns; open country']:c70d715e0c0c772c1f5c0b04:1:sense","A land area free of woodland, cities, and towns; an area of open country.",,"{""bold_text_offsets"": [[58, 63]], ""text"": ""There are several species of wild flowers growing in this field."", ""type"": ""example""}","WIK:wiktionary-20260901:m004.3-v1:en:f70911a67ddfdf857bb4d688:['en:land area free of woodland, cities, and towns; open country']:efff2f1c91d980ccb0530ca3:1:sense","A land area free of woodland, cities, and towns; an area of open country. | The open country near or belonging to a town or city.",plural-normally,"{""bold_text_offsets"": [[62, 68]], ""ref"": ""1883, Anthony Trollope, Mr. Scarborough's Family, Chap. XXIV:"", ""text"": ""Harry shook his head, and wandered away miserable through the fields, and would not in these days even set his foot upon the soil of the park. “He was not going to intrude any farther,” he said to the rector. “You can come to church, at any rate,” his father said, “for he certainly will not be there while you are at the parsonage.” Oh yes, Harry would go to the church. “I have yet to understand that Mr. Prosper is owner of the church, and the path there from the rectory is, at any rate, open to the public;” for at Buston the church stands on one corner of the park."", ""type"": ""quotation""} | {""bold_text_offsets"": [[53, 59]], ""ref"": ""1897 December (indicated as 1898), Winston Churchill, chapter VIII, in The Celebrity: An Episode, New York, N.Y.: The Macmillan Company; London: Macmillan & Co., Ltd., →OCLC:"", ""text"": ""I corralled the judge, and we started off across the fields, in no very mild state of fear of that gentleman's wife, whose vigilance was seldom relaxed. And thus we came by a circuitous route to Mohair, the judge occupied by his own guilty thoughts, and I by others not less disturbing."", ""type"": ""quotation""}",MERGE,Same learner meaning: open country; the town-adjacent wording is a contextual restriction.
field:noun:97dd1089cae3:a939fecfe9662a67,31,field,noun,,WIK:wiktionary-20260901:m004.3-v1:en:f70911a67ddfdf857bb4d688:['en:course of study or domain of knowledge or practice']:63a0e228c1edfd51c782ecf0:1:sense,"Any of various figurative meanings, often dead metaphors. | Any of certain structures serving cognition. | A domain of study, knowledge or practice.",,"{""bold_text_offsets"": [[269, 274]], ""ref"": ""2013 May 10, Audrey Garric, “Urban canopies let nature bloom”, in The Guardian Weekly, volume 188, number 22, page 30:"", ""text"": ""As towns continue to grow, replanting vegetation has become a form of urban utopia and green roofs are spreading fast. Last year 1m square metres of plant-covered roofing was built in France, as much as in the US, and 10 times more than in Germany, the pioneer in this field."", ""type"": ""quotation""} | {""bold_text_offsets"": [[24, 29]], ""text"": ""He was an expert in the field of Chinese history."", ""type"": ""example""}",WIK:wiktionary-20260901:m004.3-v1:en:f70911a67ddfdf857bb4d688:['en:in mathematics']:391f4d7cbc6be08b9eba4b45:1:sense,"Any of various figurative meanings, often dead metaphors. | Any of certain structures serving cognition. | A non-zero commutative ring in which all non-zero elements are invertible; a simple commutative ring.",,"{""bold_text_offsets"": [[72, 77]], ""text"": ""The set of rational numbers, #92;mathbb#123;Q#125;, is the prototypical field."", ""type"": ""example""} | {""bold_text_offsets"": [[134, 139]], ""text"": ""Whereas a ring has three binary operators: (1) an additive operator, (2) a subtractive operator, and (3) a multiplicative operator, a field has four binary operators: the three ring binary operators and (4) a divisive operator. (N.B.: Only the additive and multiplicative operators are axiomatic. The subtractive operator may be derived by combining the additive and the unary negative operators; the divisive operator may be derived by combining the multiplicative and the unary inversive operators.)"", ""type"": ""example""}",KEEP SEPARATE,Distinct learner use; preserve as separate meaning.
field:noun:97dd1089cae3:a952f9ec2c2793a3,32,field,noun,,WIK:wiktionary-20260901:m004.3-v1:en:f70911a67ddfdf857bb4d688:['en:in mathematics']:391f4d7cbc6be08b9eba4b45:1:sense,"Any of various figurative meanings, often dead metaphors. | Any of certain structures serving cognition. | A non-zero commutative ring in which all non-zero elements are invertible; a simple commutative ring.",,"{""bold_text_offsets"": [[72, 77]], ""text"": ""The set of rational numbers, #92;mathbb#123;Q#125;, is the prototypical field."", ""type"": ""example""} | {""bold_text_offsets"": [[134, 139]], ""text"": ""Whereas a ring has three binary operators: (1) an additive operator, (2) a subtractive operator, and (3) a multiplicative operator, a field has four binary operators: the three ring binary operators and (4) a divisive operator. (N.B.: Only the additive and multiplicative operators are axiomatic. The subtractive operator may be derived by combining the additive and the unary negative operators; the divisive operator may be derived by combining the multiplicative and the unary inversive operators.)"", ""type"": ""example""}",WIK:wiktionary-20260901:m004.3-v1:en:f70911a67ddfdf857bb4d688:content:4685ef74ecd383454c4ded1d:1:sense,"Any of various figurative meanings, often dead metaphors. | Any of certain structures serving cognition. | The extent of a given perception.",,"{""bold_text_offsets"": [[0, 5]], ""text"": ""field of view"", ""type"": ""example""}",KEEP SEPARATE,Distinct learner use; preserve as separate meaning.
field:noun:97dd1089cae3:c8b7ab24bdd3f12f,33,field,noun,,WIK:wiktionary-20260901:m004.3-v1:en:f70911a67ddfdf857bb4d688:['en:heraldry: background of the shield']:65d0dac19b0078ed657612b7:1:sense,"Any of various figurative meanings, often dead metaphors. | A physical or virtual location for the input of information in the form of symbols. | The background of the shield.",,"{""bold_text_offsets"": [[4, 9]], ""ref"": ""1957 February 7, “B.T.C. Armorial Bearings”, in Railway Magazine, page 81:"", ""text"": ""The field of the arms (shield), which is vert (green), represents the open country of Great Britain."", ""type"": ""quotation""}",WIK:wiktionary-20260901:m004.3-v1:en:f70911a67ddfdf857bb4d688:['en:vexillology: background of the flag']:c79ff0c0ce7e99cc9b996b03:1:sense,"Any of various figurative meanings, often dead metaphors. | A physical or virtual location for the input of information in the form of symbols. | The background of the flag.",,,MERGE,Same learner concept: the background field of an emblem; shield vs flag is domain context.
head:noun:686e59004b8f:017456d9e1559bc1,34,head,noun,,WIK:wiktionary-20260901:m004.3-v1:en:421b810be94d7ca34eaea61a:['en:topmost or foremost part']:d835329567df6f9363333ba0:1:sense,"The topmost, foremost, or leading part. | The end of a table. | The end of a pool table opposite the end where the balls have been racked.",countable;uncountable,,WIK:wiktionary-20260901:m004.3-v1:en:421b810be94d7ca34eaea61a:['en:topmost or foremost part']:e847448e4d47e442a2f01331:1:sense,"The topmost, foremost, or leading part. | The end of an abscess where pus collects.",countable;uncountable,,KEEP SEPARATE,Distinct learner use; preserve as separate meaning.
head:noun:686e59004b8f:0216c32b357df25e,35,head,noun,,WIK:wiktionary-20260901:m004.3-v1:en:421b810be94d7ca34eaea61a:['en:topmost or foremost part']:d9d8b6490fc0131328a21ddb:1:sense,"The topmost, foremost, or leading part. | The principal operative part of a machine, tool or fastener. | A milling head, a part of a milling machine that houses the spindle.",countable;uncountable,,WIK:wiktionary-20260901:m004.3-v1:en:421b810be94d7ca34eaea61a:['en:topmost or foremost part']:e847448e4d47e442a2f01331:1:sense,"The topmost, foremost, or leading part. | The end of an abscess where pus collects.",countable;uncountable,,KEEP SEPARATE,Distinct learner use; preserve as separate meaning.
head:noun:686e59004b8f:07f5770499bf440c,36,head,noun,,WIK:wiktionary-20260901:m004.3-v1:en:421b810be94d7ca34eaea61a:['en:topmost or foremost part']:a1330e45f653ac430b3f6ab9:1:sense,"The topmost, foremost, or leading part. | The uppermost part of a valley.",countable;uncountable,"{""bold_text_offsets"": [[47, 51]], ""ref"": ""1912, Robert Sterling Clark, Arthur de Carle Sowerby, Through Shên-kan: The Account of the Clark Expedition in North China, 1908-9., T. Fisher Unwin, →OCLC, page 122:"", ""text"": ""A deep bed of this red sandstone occurs at the head of the Yen Shui valley, a few miles south of Ching-pien [translating 靖邊 /靖边 (Jìngbiān)]."", ""type"": ""quotation""}",WIK:wiktionary-20260901:m004.3-v1:en:421b810be94d7ca34eaea61a:['en:topmost or foremost part']:e847448e4d47e442a2f01331:1:sense,"The topmost, foremost, or leading part. | The end of an abscess where pus collects.",countable;uncountable,,KEEP SEPARATE,Distinct learner use; preserve as separate meaning.
head:noun:686e59004b8f:0ae3cc22b19bb423,37,head,noun,,WIK:wiktionary-20260901:m004.3-v1:en:421b810be94d7ca34eaea61a:['en:topmost or foremost part']:a1330e45f653ac430b3f6ab9:1:sense,"The topmost, foremost, or leading part. | The uppermost part of a valley.",countable;uncountable,"{""bold_text_offsets"": [[47, 51]], ""ref"": ""1912, Robert Sterling Clark, Arthur de Carle Sowerby, Through Shên-kan: The Account of the Clark Expedition in North China, 1908-9., T. Fisher Unwin, →OCLC, page 122:"", ""text"": ""A deep bed of this red sandstone occurs at the head of the Yen Shui valley, a few miles south of Ching-pien [translating 靖邊 /靖边 (Jìngbiān)]."", ""type"": ""quotation""}",WIK:wiktionary-20260901:m004.3-v1:en:421b810be94d7ca34eaea61a:['en:topmost or foremost part']:f64bd481b80b2d6d56d8fd92:1:sense,"The topmost, foremost, or leading part. | The foam that forms on top of beer or other carbonated beverages.",countable;uncountable,"{""bold_text_offsets"": [[38, 42]], ""text"": ""Pour me a fresh beer; this one has no head."", ""type"": ""example""} | {""bold_text_offsets"": [[72, 76]], ""text"": ""He never learned how to pour a glass of beer so it didn't have too much head."", ""type"": ""example""}",KEEP SEPARATE,Distinct learner use; preserve as separate meaning.
head:noun:686e59004b8f:0f9d30abe862638e,38,head,noun,,WIK:wiktionary-20260901:m004.3-v1:en:421b810be94d7ca34eaea61a:['en:topmost or foremost part']:6ade88529eaa28139de6220b:1:sense,"The topmost, foremost, or leading part. | Synonym of tidal bore.",countable;uncountable,,WIK:wiktionary-20260901:m004.3-v1:en:421b810be94d7ca34eaea61a:['en:topmost or foremost part']:fb5d37dec14e34de9b58dcb9:1:sense,"The topmost, foremost, or leading part. | Ellipsis of headline.",abbreviation;alt-of;countable;ellipsis;uncountable,"{""bold_text_offsets"": [[17, 21], [96, 100]], ""ref"": ""1968, Earl English, Clarence Hach, Scholastic Journalism, page 166:"", ""text"": ""The content of a headline over a news story should be taken from the lead of the story. […] The head should give the same impression as the body of the story."", ""type"": ""quotation""}",KEEP SEPARATE,Distinct learner use; preserve as separate meaning.
head:noun:686e59004b8f:10efdca838050c62,39,head,noun,,WIK:wiktionary-20260901:m004.3-v1:en:421b810be94d7ca34eaea61a:['en:topmost or foremost part']:97d181cce895a0a47dff519f:1:sense,"The topmost, foremost, or leading part. | The principal operative part of a machine, tool or fastener. | The end of a hammer, axe, golf club, or similar implement used for striking other objects.",countable;uncountable,,WIK:wiktionary-20260901:m004.3-v1:en:421b810be94d7ca34eaea61a:['en:topmost or foremost part']:e847448e4d47e442a2f01331:1:sense,"The topmost, foremost, or leading part. | The end of an abscess where pus collects.",countable;uncountable,,KEEP SEPARATE,Distinct learner use; preserve as separate meaning.
head:noun:686e59004b8f:1135ea8f3c6c8b44,40,head,noun,,WIK:wiktionary-20260901:m004.3-v1:en:421b810be94d7ca34eaea61a:['en:Q23640']:118faa127a086316e0cab7a9:1:sense,"The part of the body of an animal or human which contains the brain, mouth, and main sense organs. | To do with heads. | Mental or emotional aptitude or skill.",countable;uncountable,"{""bold_text_offsets"": [[44, 49]], ""text"": ""The company is looking for people with good heads for business."", ""type"": ""example""} | {""bold_text_offsets"": [[10, 14]], ""text"": ""He has no head for heights."", ""type"": ""example""} | {""bold_text_offsets"": [[29, 33]], ""text"": ""It's all about having a good head on your shoulders."", ""type"": ""example""} | {""bold_text_offsets"": [[212, 216], [371, 375]], ""ref"": ""1951, John Wyndham, The Day of the Triffids, Harmondsworth: Penguin Books, published 1954, page 25:"", ""text"": ""And each of a succession of teachers who tried to show me that mathematical answers were derived logically and not through some form of esoteric inspiration was forced to give up with the assurance that I had no head for figures. My father 'would read my school reports with a gloom which in other respects they scarcely warranted. His mind worked, I think, this way: no head for figures = no idea of finance = no money."", ""type"": ""quotation""}",WIK:wiktionary-20260901:m004.3-v1:en:421b810be94d7ca34eaea61a:['en:Q23640']:60e5bba8d0dc7f6f5362df1c:1:sense,"The part of the body of an animal or human which contains the brain, mouth, and main sense organs. | To do with heads. | An individual person.",countable;figuratively;metonymically;uncountable,"{""bold_text_offsets"": [[29, 33]], ""text"": ""Admission is three dollars a head."", ""type"": ""example""} | {""bold_text_offsets"": [[263, 267]], ""ref"": ""1749, Henry Fielding, chapter VII, in The History of Tom Jones, a Foundling, volume III, London: A[ndrew] Millar, […], →OCLC, book VIII, pages 196–197:"", ""text"": ""[…] but here we are obliged to diſcloſe ſome Maxims, which Publicans hold to be the grand Myſteries of their Trade. […] And, laſtly, if any of their Gueſts call but for little, to make them pay a double Price for every Thing they have ; ſo that the Amount by the Head may be much the ſame."", ""type"": ""quotation""}",KEEP SEPARATE,Distinct learner use; preserve as separate meaning.
head:noun:686e59004b8f:155ad49b44cdc4db,41,head,noun,,WIK:wiktionary-20260901:m004.3-v1:en:421b810be94d7ca34eaea61a:['en:topmost or foremost part']:20b3ee565a04a9c1c97b969d:1:sense,"The topmost, foremost, or leading part. | The principal operative part of a machine, tool or fastener. | A machine element which reads or writes electromagnetic signals to or from a storage medium.",countable;uncountable,"{""bold_text_offsets"": [[4, 9]], ""text"": ""The heads of your tape player need to be cleaned."", ""type"": ""example""}",WIK:wiktionary-20260901:m004.3-v1:en:421b810be94d7ca34eaea61a:['en:topmost or foremost part']:7cdcdbf1d427d664501c3744:1:sense,"The topmost, foremost, or leading part. | The end of a table. | The end of a rectangular table furthest from the entrance; traditionally considered a seat of honor.",countable;uncountable,"{""bold_text_offsets"": [[52, 56]], ""text"": ""During meetings, the supervisor usually sits at the head of the table."", ""type"": ""example""}",KEEP SEPARATE,Distinct learner use; preserve as separate meaning.
head:noun:686e59004b8f:16bb05d9ff8e0b5a,42,head,noun,,WIK:wiktionary-20260901:m004.3-v1:en:421b810be94d7ca34eaea61a:['en:topmost or foremost part']:65166047ed111568c8f09eda:1:sense,"The topmost, foremost, or leading part.",countable,"{""bold_text_offsets"": [[24, 28]], ""text"": ""What does it say at the head of the page?"", ""type"": ""example""} | {""bold_text_offsets"": [[124, 129]], ""ref"": ""1913, Joseph C[rosby] Lincoln, chapter X, in Mr. Pratt’s Patients, New York, N.Y.; London: D[aniel] Appleton and Company, →OCLC, page 243:"", ""text"": ""Men that I knew around Wapatomac didn't wear high, shiny plug hats, nor yeller spring overcoats, nor carry canes with ivory heads as big as a catboat's anchor, as you might say."", ""type"": ""quotation""}",WIK:wiktionary-20260901:m004.3-v1:en:421b810be94d7ca34eaea61a:['en:topmost or foremost part']:e847448e4d47e442a2f01331:1:sense,"The topmost, foremost, or leading part. | The end of an abscess where pus collects.",countable;uncountable,,KEEP SEPARATE,Distinct learner use; preserve as separate meaning.
head:noun:686e59004b8f:1944206f45b9896e,43,head,noun,,WIK:wiktionary-20260901:m004.3-v1:en:421b810be94d7ca34eaea61a:['en:topmost or foremost part']:0a4ae18d3925dd2c15f6dec3:1:sense,"The topmost, foremost, or leading part. | A leading component. | The top edge of a sail.",countable;uncountable,,WIK:wiktionary-20260901:m004.3-v1:en:421b810be94d7ca34eaea61a:['en:topmost or foremost part']:ff171db3e8beb6cdc2d7d903:1:sense,"The topmost, foremost, or leading part. | A headland.",UK;countable;uncountable,,KEEP SEPARATE,Distinct learner use; preserve as separate meaning.
head:noun:686e59004b8f:1c85695af755dcfe,44,head,noun,,WIK:wiktionary-20260901:m004.3-v1:en:421b810be94d7ca34eaea61a:['en:topmost or foremost part']:fb5d37dec14e34de9b58dcb9:1:sense,"The topmost, foremost, or leading part. | Ellipsis of headline.",abbreviation;alt-of;countable;ellipsis;uncountable,"{""bold_text_offsets"": [[17, 21], [96, 100]], ""ref"": ""1968, Earl English, Clarence Hach, Scholastic Journalism, page 166:"", ""text"": ""The content of a headline over a news story should be taken from the lead of the story. […] The head should give the same impression as the body of the story."", ""type"": ""quotation""}",WIK:wiktionary-20260901:m004.3-v1:en:421b810be94d7ca34eaea61a:['en:topmost or foremost part']:ff171db3e8beb6cdc2d7d903:1:sense,"The topmost, foremost, or leading part. | A headland.",UK;countable;uncountable,,KEEP SEPARATE,Distinct learner use; preserve as separate meaning.
head:noun:686e59004b8f:230fb8f1cd44eaba,45,head,noun,,WIK:wiktionary-20260901:m004.3-v1:en:421b810be94d7ca34eaea61a:['en:topmost or foremost part']:6ade88529eaa28139de6220b:1:sense,"The topmost, foremost, or leading part. | Synonym of tidal bore.",countable;uncountable,,WIK:wiktionary-20260901:m004.3-v1:en:421b810be94d7ca34eaea61a:['en:topmost or foremost part']:a1330e45f653ac430b3f6ab9:1:sense,"The topmost, foremost, or leading part. | The uppermost part of a valley.",countable;uncountable,"{""bold_text_offsets"": [[47, 51]], ""ref"": ""1912, Robert Sterling Clark, Arthur de Carle Sowerby, Through Shên-kan: The Account of the Clark Expedition in North China, 1908-9., T. Fisher Unwin, →OCLC, page 122:"", ""text"": ""A deep bed of this red sandstone occurs at the head of the Yen Shui valley, a few miles south of Ching-pien [translating 靖邊 /靖边 (Jìngbiān)]."", ""type"": ""quotation""}",KEEP SEPARATE,Distinct learner use; preserve as separate meaning.
head:noun:686e59004b8f:26158d3a4a1bbfa8,46,head,noun,,WIK:wiktionary-20260901:m004.3-v1:en:421b810be94d7ca34eaea61a:['en:Q23640']:3ebe701b39e23a443430e602:1:sense,"The part of the body of an animal or human which contains the brain, mouth, and main sense organs. | To do with heads. | The population of game.",countable;uncountable,"{""bold_text_offsets"": [[16, 20]], ""text"": ""We have a heavy head of deer this year."", ""type"": ""example""}",WIK:wiktionary-20260901:m004.3-v1:en:421b810be94d7ca34eaea61a:['en:Q23640']:60e5bba8d0dc7f6f5362df1c:1:sense,"The part of the body of an animal or human which contains the brain, mouth, and main sense organs. | To do with heads. | An individual person.",countable;figuratively;metonymically;uncountable,"{""bold_text_offsets"": [[29, 33]], ""text"": ""Admission is three dollars a head."", ""type"": ""example""} | {""bold_text_offsets"": [[263, 267]], ""ref"": ""1749, Henry Fielding, chapter VII, in The History of Tom Jones, a Foundling, volume III, London: A[ndrew] Millar, […], →OCLC, book VIII, pages 196–197:"", ""text"": ""[…] but here we are obliged to diſcloſe ſome Maxims, which Publicans hold to be the grand Myſteries of their Trade. […] And, laſtly, if any of their Gueſts call but for little, to make them pay a double Price for every Thing they have ; ſo that the Amount by the Head may be much the ſame."", ""type"": ""quotation""}",KEEP SEPARATE,Distinct learner use; preserve as separate meaning.
head:noun:686e59004b8f:2966de93ddc35a92,47,head,noun,,WIK:wiktionary-20260901:m004.3-v1:en:421b810be94d7ca34eaea61a:['en:topmost or foremost part']:46732beb93ff4b1364ef2a6f:1:sense,"The topmost, foremost, or leading part. | The principal operative part of a machine, tool or fastener. | A drum head, the membrane which is hit to produce sound.",countable;uncountable,"{""bold_text_offsets"": [[8, 12]], ""text"": ""Tap the head of the drum for this roll."", ""type"": ""example""}",WIK:wiktionary-20260901:m004.3-v1:en:421b810be94d7ca34eaea61a:['en:topmost or foremost part']:d9d8b6490fc0131328a21ddb:1:sense,"The topmost, foremost, or leading part. | The principal operative part of a machine, tool or fastener. | A milling head, a part of a milling machine that houses the spindle.",countable;uncountable,,KEEP SEPARATE,Distinct learner use; preserve as separate meaning.
head:noun:686e59004b8f:2e7c614aa0ffd706,48,head,noun,,WIK:wiktionary-20260901:m004.3-v1:en:421b810be94d7ca34eaea61a:['en:Q23640']:1b8f0821d1a457531dbcba95:1:sense,"The part of the body of an animal or human which contains the brain, mouth, and main sense organs. | To do with heads. | The antlers of a deer.",countable;uncountable,,WIK:wiktionary-20260901:m004.3-v1:en:421b810be94d7ca34eaea61a:['en:Q23640']:3ebe701b39e23a443430e602:1:sense,"The part of the body of an animal or human which contains the brain, mouth, and main sense organs. | To do with heads. | The population of game.",countable;uncountable,"{""bold_text_offsets"": [[16, 20]], ""text"": ""We have a heavy head of deer this year."", ""type"": ""example""}",KEEP SEPARATE,Distinct learner use; preserve as separate meaning.
head:noun:686e59004b8f:2f9f5883b5cc406f,49,head,noun,,WIK:wiktionary-20260901:m004.3-v1:en:421b810be94d7ca34eaea61a:['en:capitulum']:1deb2c81eca481d5f4c29a00:1:sense,"A significant or important part. | A beginning or end, a protuberance. | A clump of seeds, leaves or flowers; a capitulum. | The leafy top part of a tree.",countable;uncountable,,WIK:wiktionary-20260901:m004.3-v1:en:421b810be94d7ca34eaea61a:['en:capitulum']:be02069e6ce2765867d20515:1:sense,"A significant or important part. | A beginning or end, a protuberance. | A clump of seeds, leaves or flowers; a capitulum.",countable;uncountable,"{""bold_text_offsets"": [[10, 14]], ""text"": ""Give me a head of lettuce."", ""type"": ""example""} | {""bold_text_offsets"": [[404, 409]], ""ref"": ""2013 May-June, David Van Tassel, Lee DeHaan, “Wild Plants to the Rescue”, in American Scientist, volume 101, number 3, archived from the original on 14 Aug 2013:"", ""text"": ""Plant breeding is always a numbers game.[…]The wild species we use are rich in genetic variation, […]. In addition, we are looking for rare alleles, so the more plants we try, the better. These rarities may be new mutations, or they can be existing ones that are neutral—or are even selected against—in a wild population. A good example is mutations that disrupt seed dispersal, leaving the seeds on the heads long after they are ripe."", ""type"": ""quotation""}",KEEP SEPARATE,Distinct learner use; preserve as separate meaning.
head:noun:686e59004b8f:2ff9a624b4dbb675,50,head,noun,,WIK:wiktionary-20260901:m004.3-v1:en:421b810be94d7ca34eaea61a:['en:topmost or foremost part']:65166047ed111568c8f09eda:1:sense,"The topmost, foremost, or leading part.",countable,"{""bold_text_offsets"": [[24, 28]], ""text"": ""What does it say at the head of the page?"", ""type"": ""example""} | {""bold_text_offsets"": [[124, 129]], ""ref"": ""1913, Joseph C[rosby] Lincoln, chapter X, in Mr. Pratt’s Patients, New York, N.Y.; London: D[aniel] Appleton and Company, →OCLC, page 243:"", ""text"": ""Men that I knew around Wapatomac didn't wear high, shiny plug hats, nor yeller spring overcoats, nor carry canes with ivory heads as big as a catboat's anchor, as you might say."", ""type"": ""quotation""}",WIK:wiktionary-20260901:m004.3-v1:en:421b810be94d7ca34eaea61a:['en:topmost or foremost part']:d835329567df6f9363333ba0:1:sense,"The topmost, foremost, or leading part. | The end of a table. | The end of a pool table opposite the end where the balls have been racked.",countable;uncountable,,MERGE,Same learner concept: the top/end position of something; pool-table use is a contextual application.
head:noun:686e59004b8f:30b3a961c973895d,51,head,noun,,WIK:wiktionary-20260901:m004.3-v1:en:421b810be94d7ca34eaea61a:['en:topmost or foremost part']:d835329567df6f9363333ba0:1:sense,"The topmost, foremost, or leading part. | The end of a table. | The end of a pool table opposite the end where the balls have been racked.",countable;uncountable,,WIK:wiktionary-20260901:m004.3-v1:en:421b810be94d7ca34eaea61a:['en:topmost or foremost part']:d9d8b6490fc0131328a21ddb:1:sense,"The topmost, foremost, or leading part. | The principal operative part of a machine, tool or fastener. | A milling head, a part of a milling machine that houses the spindle.",countable;uncountable,,KEEP SEPARATE,Distinct learner use; preserve as separate meaning.
head:noun:686e59004b8f:3a2a3919ff7aa75c,52,head,noun,,WIK:wiktionary-20260901:m004.3-v1:en:421b810be94d7ca34eaea61a:['en:topmost or foremost part']:f64bd481b80b2d6d56d8fd92:1:sense,"The topmost, foremost, or leading part. | The foam that forms on top of beer or other carbonated beverages.",countable;uncountable,"{""bold_text_offsets"": [[38, 42]], ""text"": ""Pour me a fresh beer; this one has no head."", ""type"": ""example""} | {""bold_text_offsets"": [[72, 76]], ""text"": ""He never learned how to pour a glass of beer so it didn't have too much head."", ""type"": ""example""}",WIK:wiktionary-20260901:m004.3-v1:en:421b810be94d7ca34eaea61a:['en:topmost or foremost part']:ff171db3e8beb6cdc2d7d903:1:sense,"The topmost, foremost, or leading part. | A headland.",UK;countable;uncountable,,KEEP SEPARATE,Distinct learner use; preserve as separate meaning.
head:noun:686e59004b8f:3a5d17f85e8da9d7,53,head,noun,,"WIK:wiktionary-20260901:m004.3-v1:en:421b810be94d7ca34eaea61a:['en:topmost or foremost part', 'en:engineering']:d21ff54456a44e122b8281c2:1:sense","The topmost, foremost, or leading part. | The end cap of a cylindrically-shaped pressure vessel.",countable;uncountable,,WIK:wiktionary-20260901:m004.3-v1:en:421b810be94d7ca34eaea61a:['en:topmost or foremost part']:e847448e4d47e442a2f01331:1:sense,"The topmost, foremost, or leading part. | The end of an abscess where pus collects.",countable;uncountable,,KEEP SEPARATE,Distinct learner use; preserve as separate meaning.
head:noun:686e59004b8f:40b59e10d06ebbed,54,head,noun,,WIK:wiktionary-20260901:m004.3-v1:en:421b810be94d7ca34eaea61a:['en:topmost or foremost part']:e847448e4d47e442a2f01331:1:sense,"The topmost, foremost, or leading part. | The end of an abscess where pus collects.",countable;uncountable,,WIK:wiktionary-20260901:m004.3-v1:en:421b810be94d7ca34eaea61a:['en:topmost or foremost part']:f64bd481b80b2d6d56d8fd92:1:sense,"The topmost, foremost, or leading part. | The foam that forms on top of beer or other carbonated beverages.",countable;uncountable,"{""bold_text_offsets"": [[38, 42]], ""text"": ""Pour me a fresh beer; this one has no head."", ""type"": ""example""} | {""bold_text_offsets"": [[72, 76]], ""text"": ""He never learned how to pour a glass of beer so it didn't have too much head."", ""type"": ""example""}",KEEP SEPARATE,Distinct learner use; preserve as separate meaning.
head:noun:686e59004b8f:4640f1842cfb2d99,55,head,noun,,WIK:wiktionary-20260901:m004.3-v1:en:421b810be94d7ca34eaea61a:['en:topmost or foremost part']:65166047ed111568c8f09eda:1:sense,"The topmost, foremost, or leading part.",countable,"{""bold_text_offsets"": [[24, 28]], ""text"": ""What does it say at the head of the page?"", ""type"": ""example""} | {""bold_text_offsets"": [[124, 129]], ""ref"": ""1913, Joseph C[rosby] Lincoln, chapter X, in Mr. Pratt’s Patients, New York, N.Y.; London: D[aniel] Appleton and Company, →OCLC, page 243:"", ""text"": ""Men that I knew around Wapatomac didn't wear high, shiny plug hats, nor yeller spring overcoats, nor carry canes with ivory heads as big as a catboat's anchor, as you might say."", ""type"": ""quotation""}",WIK:wiktionary-20260901:m004.3-v1:en:421b810be94d7ca34eaea61a:['en:topmost or foremost part']:6ade88529eaa28139de6220b:1:sense,"The topmost, foremost, or leading part. | Synonym of tidal bore.",countable;uncountable,,KEEP SEPARATE,Distinct learner use; preserve as separate meaning.
head:noun:686e59004b8f:480b4c064787ee86,56,head,noun,,WIK:wiktionary-20260901:m004.3-v1:en:421b810be94d7ca34eaea61a:['en:Q23640']:1b8f0821d1a457531dbcba95:1:sense,"The part of the body of an animal or human which contains the brain, mouth, and main sense organs. | To do with heads. | The antlers of a deer.",countable;uncountable,,WIK:wiktionary-20260901:m004.3-v1:en:421b810be94d7ca34eaea61a:['en:Q23640']:60e5bba8d0dc7f6f5362df1c:1:sense,"The part of the body of an animal or human which contains the brain, mouth, and main sense organs. | To do with heads. | An individual person.",countable;figuratively;metonymically;uncountable,"{""bold_text_offsets"": [[29, 33]], ""text"": ""Admission is three dollars a head."", ""type"": ""example""} | {""bold_text_offsets"": [[263, 267]], ""ref"": ""1749, Henry Fielding, chapter VII, in The History of Tom Jones, a Foundling, volume III, London: A[ndrew] Millar, […], →OCLC, book VIII, pages 196–197:"", ""text"": ""[…] but here we are obliged to diſcloſe ſome Maxims, which Publicans hold to be the grand Myſteries of their Trade. […] And, laſtly, if any of their Gueſts call but for little, to make them pay a double Price for every Thing they have ; ſo that the Amount by the Head may be much the ſame."", ""type"": ""quotation""}",KEEP SEPARATE,Distinct learner use; preserve as separate meaning.
head:noun:686e59004b8f:4a93b82447649c3f,57,head,noun,,WIK:wiktionary-20260901:m004.3-v1:en:421b810be94d7ca34eaea61a:['en:topmost or foremost part']:97d181cce895a0a47dff519f:1:sense,"The topmost, foremost, or leading part. | The principal operative part of a machine, tool or fastener. | The end of a hammer, axe, golf club, or similar implement used for striking other objects.",countable;uncountable,,WIK:wiktionary-20260901:m004.3-v1:en:421b810be94d7ca34eaea61a:['en:topmost or foremost part']:f64bd481b80b2d6d56d8fd92:1:sense,"The topmost, foremost, or leading part. | The foam that forms on top of beer or other carbonated beverages.",countable;uncountable,"{""bold_text_offsets"": [[38, 42]], ""text"": ""Pour me a fresh beer; this one has no head."", ""type"": ""example""} | {""bold_text_offsets"": [[72, 76]], ""text"": ""He never learned how to pour a glass of beer so it didn't have too much head."", ""type"": ""example""}",KEEP SEPARATE,Distinct learner use; preserve as separate meaning.
head:noun:686e59004b8f:4c254cec0eb5a1de,58,head,noun,,WIK:wiktionary-20260901:m004.3-v1:en:421b810be94d7ca34eaea61a:['en:topmost or foremost part']:65166047ed111568c8f09eda:1:sense,"The topmost, foremost, or leading part.",countable,"{""bold_text_offsets"": [[24, 28]], ""text"": ""What does it say at the head of the page?"", ""type"": ""example""} | {""bold_text_offsets"": [[124, 129]], ""ref"": ""1913, Joseph C[rosby] Lincoln, chapter X, in Mr. Pratt’s Patients, New York, N.Y.; London: D[aniel] Appleton and Company, →OCLC, page 243:"", ""text"": ""Men that I knew around Wapatomac didn't wear high, shiny plug hats, nor yeller spring overcoats, nor carry canes with ivory heads as big as a catboat's anchor, as you might say."", ""type"": ""quotation""}",WIK:wiktionary-20260901:m004.3-v1:en:421b810be94d7ca34eaea61a:['en:topmost or foremost part']:ff171db3e8beb6cdc2d7d903:1:sense,"The topmost, foremost, or leading part. | A headland.",UK;countable;uncountable,,KEEP SEPARATE,Distinct learner use; preserve as separate meaning.
head:noun:686e59004b8f:4c5bb867b0d41b4b,59,head,noun,,WIK:wiktionary-20260901:m004.3-v1:en:421b810be94d7ca34eaea61a:['en:topmost or foremost part']:6ade88529eaa28139de6220b:1:sense,"The topmost, foremost, or leading part. | Synonym of tidal bore.",countable;uncountable,,WIK:wiktionary-20260901:m004.3-v1:en:421b810be94d7ca34eaea61a:['en:topmost or foremost part']:f64bd481b80b2d6d56d8fd92:1:sense,"The topmost, foremost, or leading part. | The foam that forms on top of beer or other carbonated beverages.",countable;uncountable,"{""bold_text_offsets"": [[38, 42]], ""text"": ""Pour me a fresh beer; this one has no head."", ""type"": ""example""} | {""bold_text_offsets"": [[72, 76]], ""text"": ""He never learned how to pour a glass of beer so it didn't have too much head."", ""type"": ""example""}",KEEP SEPARATE,Distinct learner use; preserve as separate meaning.
head:noun:686e59004b8f:4df4b3df409ca59f,60,head,noun,,WIK:wiktionary-20260901:m004.3-v1:en:421b810be94d7ca34eaea61a:['en:topmost or foremost part']:46732beb93ff4b1364ef2a6f:1:sense,"The topmost, foremost, or leading part. | The principal operative part of a machine, tool or fastener. | A drum head, the membrane which is hit to produce sound.",countable;uncountable,"{""bold_text_offsets"": [[8, 12]], ""text"": ""Tap the head of the drum for this roll."", ""type"": ""example""}",WIK:wiktionary-20260901:m004.3-v1:en:421b810be94d7ca34eaea61a:['en:topmost or foremost part']:e847448e4d47e442a2f01331:1:sense,"The topmost, foremost, or leading part. | The end of an abscess where pus collects.",countable;uncountable,,KEEP SEPARATE,Distinct learner use; preserve as separate meaning.
head:noun:686e59004b8f:4fef613328420152,61,head,noun,,"WIK:wiktionary-20260901:m004.3-v1:en:421b810be94d7ca34eaea61a:['en:Q23640', 'en:measure for one animal']:dca325fa00b473a61ace277c:1:sense","The part of the body of an animal or human which contains the brain, mouth, and main sense organs. | To do with heads. | A single animal; measure word for livestock and game.",countable;uncountable,"{""bold_text_offsets"": [[4, 8], [26, 30]], ""tags"": [""collocation""], ""text"": ""200 head of cattle and 50 head of horses"", ""type"": ""example""}",WIK:wiktionary-20260901:m004.3-v1:en:421b810be94d7ca34eaea61a:['en:Q23640']:3ebe701b39e23a443430e602:1:sense,"The part of the body of an animal or human which contains the brain, mouth, and main sense organs. | To do with heads. | The population of game.",countable;uncountable,"{""bold_text_offsets"": [[16, 20]], ""text"": ""We have a heavy head of deer this year."", ""type"": ""example""}",KEEP SEPARATE,Distinct learner use; preserve as separate meaning.
head:noun:686e59004b8f:51d63ec55ae342ac,62,head,noun,,WIK:wiktionary-20260901:m004.3-v1:en:421b810be94d7ca34eaea61a:['en:topmost or foremost part']:6922aa8d47280b09363ec9e9:1:sense,"The topmost, foremost, or leading part. | The headstock of a guitar.",countable;uncountable,,WIK:wiktionary-20260901:m004.3-v1:en:421b810be94d7ca34eaea61a:['en:topmost or foremost part']:81c7bd4cb1489814e994ad1e:1:sense,"The topmost, foremost, or leading part. | A title or heading in a book or other document.",countable;uncountable,"{""bold_text_offsets"": [[77, 82]], ""ref"": ""1807, George Burnett, Specimens of English Prose Writers, page 351:"", ""text"": ""In this repositary, the phenomena of nature are ranged under three principal heads."", ""type"": ""quotation""}",KEEP SEPARATE,Distinct learner use; preserve as separate meaning.
head:noun:686e59004b8f:54e7a463ae09a641,63,head,noun,,WIK:wiktionary-20260901:m004.3-v1:en:421b810be94d7ca34eaea61a:['en:topmost or foremost part']:6922aa8d47280b09363ec9e9:1:sense,"The topmost, foremost, or leading part. | The headstock of a guitar.",countable;uncountable,,WIK:wiktionary-20260901:m004.3-v1:en:421b810be94d7ca34eaea61a:['en:topmost or foremost part']:a199efd79813d02aa7e503b0:1:sense,"The topmost, foremost, or leading part. | A leading component. | The bow of a vessel.",countable;uncountable,,KEEP SEPARATE,Distinct learner use; preserve as separate meaning.
head:noun:686e59004b8f:58c4252ac7709bd9,64,head,noun,,WIK:wiktionary-20260901:m004.3-v1:en:421b810be94d7ca34eaea61a:['en:topmost or foremost part']:385be85690fde1409b069197:1:sense,"The topmost, foremost, or leading part. | Deposits near the top of a geological succession.",UK;countable;uncountable,,WIK:wiktionary-20260901:m004.3-v1:en:421b810be94d7ca34eaea61a:['en:topmost or foremost part']:6922aa8d47280b09363ec9e9:1:sense,"The topmost, foremost, or leading part. | The headstock of a guitar.",countable;uncountable,,KEEP SEPARATE,Distinct learner use; preserve as separate meaning.
head:noun:686e59004b8f:5907ea78824592f1,65,head,noun,,WIK:wiktionary-20260901:m004.3-v1:en:421b810be94d7ca34eaea61a:['en:topmost or foremost part']:65166047ed111568c8f09eda:1:sense,"The topmost, foremost, or leading part.",countable,"{""bold_text_offsets"": [[24, 28]], ""text"": ""What does it say at the head of the page?"", ""type"": ""example""} | {""bold_text_offsets"": [[124, 129]], ""ref"": ""1913, Joseph C[rosby] Lincoln, chapter X, in Mr. Pratt’s Patients, New York, N.Y.; London: D[aniel] Appleton and Company, →OCLC, page 243:"", ""text"": ""Men that I knew around Wapatomac didn't wear high, shiny plug hats, nor yeller spring overcoats, nor carry canes with ivory heads as big as a catboat's anchor, as you might say."", ""type"": ""quotation""}",WIK:wiktionary-20260901:m004.3-v1:en:421b810be94d7ca34eaea61a:['en:topmost or foremost part']:d9d8b6490fc0131328a21ddb:1:sense,"The topmost, foremost, or leading part. | The principal operative part of a machine, tool or fastener. | A milling head, a part of a milling machine that houses the spindle.",countable;uncountable,,KEEP SEPARATE,Distinct learner use; preserve as separate meaning.
head:noun:686e59004b8f:5ebf293dc2f304eb,66,head,noun,,WIK:wiktionary-20260901:m004.3-v1:en:421b810be94d7ca34eaea61a:['en:topmost or foremost part']:e847448e4d47e442a2f01331:1:sense,"The topmost, foremost, or leading part. | The end of an abscess where pus collects.",countable;uncountable,,WIK:wiktionary-20260901:m004.3-v1:en:421b810be94d7ca34eaea61a:['en:topmost or foremost part']:fb5d37dec14e34de9b58dcb9:1:sense,"The topmost, foremost, or leading part. | Ellipsis of headline.",abbreviation;alt-of;countable;ellipsis;uncountable,"{""bold_text_offsets"": [[17, 21], [96, 100]], ""ref"": ""1968, Earl English, Clarence Hach, Scholastic Journalism, page 166:"", ""text"": ""The content of a headline over a news story should be taken from the lead of the story. […] The head should give the same impression as the body of the story."", ""type"": ""quotation""}",KEEP SEPARATE,Distinct learner use; preserve as separate meaning.
head:noun:686e59004b8f:5fc78e1e172e8501,67,head,noun,,WIK:wiktionary-20260901:m004.3-v1:en:421b810be94d7ca34eaea61a:['en:topmost or foremost part']:6ade88529eaa28139de6220b:1:sense,"The topmost, foremost, or leading part. | Synonym of tidal bore.",countable;uncountable,,WIK:wiktionary-20260901:m004.3-v1:en:421b810be94d7ca34eaea61a:['en:topmost or foremost part']:81c7bd4cb1489814e994ad1e:1:sense,"The topmost, foremost, or leading part. | A title or heading in a book or other document.",countable;uncountable,"{""bold_text_offsets"": [[77, 82]], ""ref"": ""1807, George Burnett, Specimens of English Prose Writers, page 351:"", ""text"": ""In this repositary, the phenomena of nature are ranged under three principal heads."", ""type"": ""quotation""}",KEEP SEPARATE,Distinct learner use; preserve as separate meaning.
head:noun:686e59004b8f:610e185b6dbfd78d,68,head,noun,,WIK:wiktionary-20260901:m004.3-v1:en:421b810be94d7ca34eaea61a:['en:topmost or foremost part']:6ade88529eaa28139de6220b:1:sense,"The topmost, foremost, or leading part. | Synonym of tidal bore.",countable;uncountable,,WIK:wiktionary-20260901:m004.3-v1:en:421b810be94d7ca34eaea61a:['en:topmost or foremost part']:ff171db3e8beb6cdc2d7d903:1:sense,"The topmost, foremost, or leading part. | A headland.",UK;countable;uncountable,,KEEP SEPARATE,Distinct learner use; preserve as separate meaning.
head:noun:686e59004b8f:645ad97382095e8c,69,head,noun,,"WIK:wiktionary-20260901:m004.3-v1:en:421b810be94d7ca34eaea61a:['en:topmost or foremost part', 'en:coopering']:8970889329f2eabba0faa4ea:1:sense","The topmost, foremost, or leading part. | The end cap of a cask or other barrel.",countable;uncountable,,WIK:wiktionary-20260901:m004.3-v1:en:421b810be94d7ca34eaea61a:['en:topmost or foremost part']:65166047ed111568c8f09eda:1:sense,"The topmost, foremost, or leading part.",countable,"{""bold_text_offsets"": [[24, 28]], ""text"": ""What does it say at the head of the page?"", ""type"": ""example""} | {""bold_text_offsets"": [[124, 129]], ""ref"": ""1913, Joseph C[rosby] Lincoln, chapter X, in Mr. Pratt’s Patients, New York, N.Y.; London: D[aniel] Appleton and Company, →OCLC, page 243:"", ""text"": ""Men that I knew around Wapatomac didn't wear high, shiny plug hats, nor yeller spring overcoats, nor carry canes with ivory heads as big as a catboat's anchor, as you might say."", ""type"": ""quotation""}",MERGE,Same learner concept: the end/top part of something; barrel end-cap is a contextual application.
head:noun:686e59004b8f:64f7d7a3757a99fe,70,head,noun,,WIK:wiktionary-20260901:m004.3-v1:en:421b810be94d7ca34eaea61a:['en:Q23640']:1b8f0821d1a457531dbcba95:1:sense,"The part of the body of an animal or human which contains the brain, mouth, and main sense organs. | To do with heads. | The antlers of a deer.",countable;uncountable,,WIK:wiktionary-20260901:m004.3-v1:en:421b810be94d7ca34eaea61a:['en:Q23640']:2397a7bcd164be0ece1c2640:1:sense,"The part of the body of an animal or human which contains the brain, mouth, and main sense organs. | To do with heads. | A headdress; a covering for the head.",countable;uncountable,"{""bold_text_offsets"": [[8, 12]], ""tags"": [""collocation""], ""text"": ""a laced head"", ""type"": ""example""} | {""bold_text_offsets"": [[2, 6]], ""tags"": [""collocation""], ""text"": ""a head of hair"", ""type"": ""example""}",KEEP SEPARATE,Distinct learner use; preserve as separate meaning.
head:noun:686e59004b8f:69f0874f31bb7609,71,head,noun,,WIK:wiktionary-20260901:m004.3-v1:en:421b810be94d7ca34eaea61a:content:19845c494b550cb385f28527:1:sense,"A significant or important part. | A beginning or end, a protuberance. | Tiles laid at the eaves of a house.",countable;in-plural;uncountable,"{""ref"": ""1875, Edward H. Knight, Knight's American Mechanical Dictionary, vol. II, page 1086"", ""text"": ""Heads. (Roofing.) Tiles which are laid at the eaves of a house""}",WIK:wiktionary-20260901:m004.3-v1:en:421b810be94d7ca34eaea61a:content:b0c5e8992a3b596ffbd257af:1:sense,"A significant or important part. | A beginning or end, a protuberance. | The source of a river; the end of a lake where a river flows into it.",countable;uncountable,"{""bold_text_offsets"": [[53, 57]], ""text"": ""The expedition followed the river all the way to the head."", ""type"": ""example""}",KEEP SEPARATE,Distinct learner use; preserve as separate meaning.
head:noun:686e59004b8f:6c5bb3d9c18978c2,72,head,noun,,WIK:wiktionary-20260901:m004.3-v1:en:421b810be94d7ca34eaea61a:['en:topmost or foremost part']:385be85690fde1409b069197:1:sense,"The topmost, foremost, or leading part. | Deposits near the top of a geological succession.",UK;countable;uncountable,,WIK:wiktionary-20260901:m004.3-v1:en:421b810be94d7ca34eaea61a:['en:topmost or foremost part']:f64bd481b80b2d6d56d8fd92:1:sense,"The topmost, foremost, or leading part. | The foam that forms on top of beer or other carbonated beverages.",countable;uncountable,"{""bold_text_offsets"": [[38, 42]], ""text"": ""Pour me a fresh beer; this one has no head."", ""type"": ""example""} | {""bold_text_offsets"": [[72, 76]], ""text"": ""He never learned how to pour a glass of beer so it didn't have too much head."", ""type"": ""example""}",KEEP SEPARATE,Distinct learner use; preserve as separate meaning.
head:noun:686e59004b8f:6cfea6395b33c0ed,73,head,noun,,WIK:wiktionary-20260901:m004.3-v1:en:421b810be94d7ca34eaea61a:['en:topmost or foremost part']:6ade88529eaa28139de6220b:1:sense,"The topmost, foremost, or leading part. | Synonym of tidal bore.",countable;uncountable,,WIK:wiktionary-20260901:m004.3-v1:en:421b810be94d7ca34eaea61a:['en:topmost or foremost part']:7cdcdbf1d427d664501c3744:1:sense,"The topmost, foremost, or leading part. | The end of a table. | The end of a rectangular table furthest from the entrance; traditionally considered a seat of honor.",countable;uncountable,"{""bold_text_offsets"": [[52, 56]], ""text"": ""During meetings, the supervisor usually sits at the head of the table."", ""type"": ""example""}",KEEP SEPARATE,Distinct learner use; preserve as separate meaning.
head:noun:686e59004b8f:70a02715b4095d86,74,head,noun,,WIK:wiktionary-20260901:m004.3-v1:en:421b810be94d7ca34eaea61a:['en:topmost or foremost part']:7cdcdbf1d427d664501c3744:1:sense,"The topmost, foremost, or leading part. | The end of a table. | The end of a rectangular table furthest from the entrance; traditionally considered a seat of honor.",countable;uncountable,"{""bold_text_offsets"": [[52, 56]], ""text"": ""During meetings, the supervisor usually sits at the head of the table."", ""type"": ""example""}",WIK:wiktionary-20260901:m004.3-v1:en:421b810be94d7ca34eaea61a:['en:topmost or foremost part']:f64bd481b80b2d6d56d8fd92:1:sense,"The topmost, foremost, or leading part. | The foam that forms on top of beer or other carbonated beverages.",countable;uncountable,"{""bold_text_offsets"": [[38, 42]], ""text"": ""Pour me a fresh beer; this one has no head."", ""type"": ""example""} | {""bold_text_offsets"": [[72, 76]], ""text"": ""He never learned how to pour a glass of beer so it didn't have too much head."", ""type"": ""example""}",KEEP SEPARATE,Distinct learner use; preserve as separate meaning.
head:noun:686e59004b8f:71007e5b0329daf9,75,head,noun,,WIK:wiktionary-20260901:m004.3-v1:en:421b810be94d7ca34eaea61a:['en:topmost or foremost part']:0a4ae18d3925dd2c15f6dec3:1:sense,"The topmost, foremost, or leading part. | A leading component. | The top edge of a sail.",countable;uncountable,,WIK:wiktionary-20260901:m004.3-v1:en:421b810be94d7ca34eaea61a:['en:topmost or foremost part']:e847448e4d47e442a2f01331:1:sense,"The topmost, foremost, or leading part. | The end of an abscess where pus collects.",countable;uncountable,,KEEP SEPARATE,Distinct learner use; preserve as separate meaning.
head:noun:686e59004b8f:753e0e8d175ac69f,76,head,noun,,WIK:wiktionary-20260901:m004.3-v1:en:421b810be94d7ca34eaea61a:['en:Q23640']:1b8f0821d1a457531dbcba95:1:sense,"The part of the body of an animal or human which contains the brain, mouth, and main sense organs. | To do with heads. | The antlers of a deer.",countable;uncountable,,WIK:wiktionary-20260901:m004.3-v1:en:421b810be94d7ca34eaea61a:['en:Q23640']:42cada1f4151174bb989acd3:1:sense,"The part of the body of an animal or human which contains the brain, mouth, and main sense organs. | To do with heads. | Mind; one's own thoughts.",countable;figuratively;metonymically;uncountable,"{""bold_text_offsets"": [[33, 37]], ""text"": ""This song keeps going through my head."", ""type"": ""example""} | {""bold_text_offsets"": [[31, 35]], ""ref"": ""1935, George Goodchild, chapter 1, in Death on the Centre Court:"", ""text"": ""“Anthea hasn't a notion in her head but to vamp a lot of silly mugwumps. She's set her heart on that tennis bloke[…]whom the papers are making such a fuss about.”"", ""type"": ""quotation""}",KEEP SEPARATE,Distinct learner use; preserve as separate meaning.
head:noun:686e59004b8f:7c8b43290a22c0f2,77,head,noun,,"WIK:wiktionary-20260901:m004.3-v1:en:421b810be94d7ca34eaea61a:['en:topmost or foremost part', 'en:engineering']:d21ff54456a44e122b8281c2:1:sense","The topmost, foremost, or leading part. | The end cap of a cylindrically-shaped pressure vessel.",countable;uncountable,,WIK:wiktionary-20260901:m004.3-v1:en:421b810be94d7ca34eaea61a:['en:topmost or foremost part']:a1330e45f653ac430b3f6ab9:1:sense,"The topmost, foremost, or leading part. | The uppermost part of a valley.",countable;uncountable,"{""bold_text_offsets"": [[47, 51]], ""ref"": ""1912, Robert Sterling Clark, Arthur de Carle Sowerby, Through Shên-kan: The Account of the Clark Expedition in North China, 1908-9., T. Fisher Unwin, →OCLC, page 122:"", ""text"": ""A deep bed of this red sandstone occurs at the head of the Yen Shui valley, a few miles south of Ching-pien [translating 靖邊 /靖边 (Jìngbiān)]."", ""type"": ""quotation""}",MERGE,Same positional learner concept: the head/end/top of an elongated place or object.
head:noun:686e59004b8f:7f22390adcc3f55c,78,head,noun,,"WIK:wiktionary-20260901:m004.3-v1:en:421b810be94d7ca34eaea61a:['en:topmost or foremost part', 'en:engineering']:d21ff54456a44e122b8281c2:1:sense","The topmost, foremost, or leading part. | The end cap of a cylindrically-shaped pressure vessel.",countable;uncountable,,WIK:wiktionary-20260901:m004.3-v1:en:421b810be94d7ca34eaea61a:['en:topmost or foremost part']:65166047ed111568c8f09eda:1:sense,"The topmost, foremost, or leading part.",countable,"{""bold_text_offsets"": [[24, 28]], ""text"": ""What does it say at the head of the page?"", ""type"": ""example""} | {""bold_text_offsets"": [[124, 129]], ""ref"": ""1913, Joseph C[rosby] Lincoln, chapter X, in Mr. Pratt’s Patients, New York, N.Y.; London: D[aniel] Appleton and Company, →OCLC, page 243:"", ""text"": ""Men that I knew around Wapatomac didn't wear high, shiny plug hats, nor yeller spring overcoats, nor carry canes with ivory heads as big as a catboat's anchor, as you might say."", ""type"": ""quotation""}",MERGE,Same learner concept: an end/top part; pressure-vessel head is a contextual application.
head:noun:686e59004b8f:806492a9dd468c38,79,head,noun,,WIK:wiktionary-20260901:m004.3-v1:en:421b810be94d7ca34eaea61a:['en:capitulum']:1deb2c81eca481d5f4c29a00:1:sense,"A significant or important part. | A beginning or end, a protuberance. | A clump of seeds, leaves or flowers; a capitulum. | The leafy top part of a tree.",countable;uncountable,,WIK:wiktionary-20260901:m004.3-v1:en:421b810be94d7ca34eaea61a:['en:toilet of a ship']:80673e556b4cac824bd1bfc4:1:sense,"A significant or important part. | A beginning or end, a protuberance. | The toilet of a ship.",countable;uncountable,"{""bold_text_offsets"": [[22, 26]], ""text"": ""I've got to go to the head."", ""type"": ""example""}",KEEP SEPARATE,Distinct learner use; preserve as separate meaning.
head:noun:686e59004b8f:831a2d635c53f9f9,80,head,noun,,WIK:wiktionary-20260901:m004.3-v1:en:421b810be94d7ca34eaea61a:['en:topmost or foremost part']:0a4ae18d3925dd2c15f6dec3:1:sense,"The topmost, foremost, or leading part. | A leading component. | The top edge of a sail.",countable;uncountable,,WIK:wiktionary-20260901:m004.3-v1:en:421b810be94d7ca34eaea61a:['en:topmost or foremost part']:f64bd481b80b2d6d56d8fd92:1:sense,"The topmost, foremost, or leading part. | The foam that forms on top of beer or other carbonated beverages.",countable;uncountable,"{""bold_text_offsets"": [[38, 42]], ""text"": ""Pour me a fresh beer; this one has no head."", ""type"": ""example""} | {""bold_text_offsets"": [[72, 76]], ""text"": ""He never learned how to pour a glass of beer so it didn't have too much head."", ""type"": ""example""}",KEEP SEPARATE,Distinct learner use; preserve as separate meaning.
head:noun:686e59004b8f:8be5a0d00b61053b,81,head,noun,,WIK:wiktionary-20260901:m004.3-v1:en:421b810be94d7ca34eaea61a:['en:topmost or foremost part']:20b3ee565a04a9c1c97b969d:1:sense,"The topmost, foremost, or leading part. | The principal operative part of a machine, tool or fastener. | A machine element which reads or writes electromagnetic signals to or from a storage medium.",countable;uncountable,"{""bold_text_offsets"": [[4, 9]], ""text"": ""The heads of your tape player need to be cleaned."", ""type"": ""example""}",WIK:wiktionary-20260901:m004.3-v1:en:421b810be94d7ca34eaea61a:['en:topmost or foremost part']:a1330e45f653ac430b3f6ab9:1:sense,"The topmost, foremost, or leading part. | The uppermost part of a valley.",countable;uncountable,"{""bold_text_offsets"": [[47, 51]], ""ref"": ""1912, Robert Sterling Clark, Arthur de Carle Sowerby, Through Shên-kan: The Account of the Clark Expedition in North China, 1908-9., T. Fisher Unwin, →OCLC, page 122:"", ""text"": ""A deep bed of this red sandstone occurs at the head of the Yen Shui valley, a few miles south of Ching-pien [translating 靖邊 /靖边 (Jìngbiān)]."", ""type"": ""quotation""}",KEEP SEPARATE,Distinct learner use; preserve as separate meaning.
head:noun:686e59004b8f:8e5e79336d7c96c1,82,head,noun,,WIK:wiktionary-20260901:m004.3-v1:en:421b810be94d7ca34eaea61a:['en:topmost or foremost part']:20b3ee565a04a9c1c97b969d:1:sense,"The topmost, foremost, or leading part. | The principal operative part of a machine, tool or fastener. | A machine element which reads or writes electromagnetic signals to or from a storage medium.",countable;uncountable,"{""bold_text_offsets"": [[4, 9]], ""text"": ""The heads of your tape player need to be cleaned."", ""type"": ""example""}",WIK:wiktionary-20260901:m004.3-v1:en:421b810be94d7ca34eaea61a:['en:topmost or foremost part']:6ade88529eaa28139de6220b:1:sense,"The topmost, foremost, or leading part. | Synonym of tidal bore.",countable;uncountable,,KEEP SEPARATE,Distinct learner use; preserve as separate meaning.
head:noun:686e59004b8f:955f9ffe5dddedd8,83,head,noun,,WIK:wiktionary-20260901:m004.3-v1:en:421b810be94d7ca34eaea61a:['en:topmost or foremost part']:53e197c7217979f54b3097b9:1:sense,"The topmost, foremost, or leading part. | The principal operative part of a machine, tool or fastener. | The top part of a lacrosse stick that holds the ball.",countable;uncountable,,WIK:wiktionary-20260901:m004.3-v1:en:421b810be94d7ca34eaea61a:['en:topmost or foremost part']:e847448e4d47e442a2f01331:1:sense,"The topmost, foremost, or leading part. | The end of an abscess where pus collects.",countable;uncountable,,KEEP SEPARATE,Distinct learner use; preserve as separate meaning.
head:noun:686e59004b8f:97eb7e8b323fa063,84,head,noun,,WIK:wiktionary-20260901:m004.3-v1:en:421b810be94d7ca34eaea61a:['en:Q23640']:088c25a96d4315a358364f2f:1:sense,"The part of the body of an animal or human which contains the brain, mouth, and main sense organs.",countable,"{""bold_text_offsets"": [[40, 44]], ""text"": ""Be careful when you pet that dog on the head; it may bite."", ""type"": ""example""} | {""bold_text_offsets"": [[55, 59]], ""ref"": ""1913, Joseph C[rosby] Lincoln, chapter VIII, in Mr. Pratt’s Patients, New York, N.Y.; London: D[aniel] Appleton and Company, →OCLC, page 175:"", ""text"": ""Afore we got to the shanty Colonel Applegate stuck his head out of the door. His temper had been getting raggeder all the time, and the sousing he got when he fell overboard had just about ripped what was left of it to ravellings."", ""type"": ""quotation""}",WIK:wiktionary-20260901:m004.3-v1:en:421b810be94d7ca34eaea61a:['en:Q23640']:1b8f0821d1a457531dbcba95:1:sense,"The part of the body of an animal or human which contains the brain, mouth, and main sense organs. | To do with heads. | The antlers of a deer.",countable;uncountable,,KEEP SEPARATE,Distinct learner use; preserve as separate meaning.
head:noun:686e59004b8f:98977316dec4c370,85,head,noun,,WIK:wiktionary-20260901:m004.3-v1:en:421b810be94d7ca34eaea61a:['en:topmost or foremost part']:6922aa8d47280b09363ec9e9:1:sense,"The topmost, foremost, or leading part. | The headstock of a guitar.",countable;uncountable,,WIK:wiktionary-20260901:m004.3-v1:en:421b810be94d7ca34eaea61a:['en:topmost or foremost part']:fb5d37dec14e34de9b58dcb9:1:sense,"The topmost, foremost, or leading part. | Ellipsis of headline.",abbreviation;alt-of;countable;ellipsis;uncountable,"{""bold_text_offsets"": [[17, 21], [96, 100]], ""ref"": ""1968, Earl English, Clarence Hach, Scholastic Journalism, page 166:"", ""text"": ""The content of a headline over a news story should be taken from the lead of the story. […] The head should give the same impression as the body of the story."", ""type"": ""quotation""}",KEEP SEPARATE,Distinct learner use; preserve as separate meaning.
head:noun:686e59004b8f:994b6f7dac34513d,86,head,noun,,WIK:wiktionary-20260901:m004.3-v1:en:421b810be94d7ca34eaea61a:['en:topmost or foremost part']:0a4ae18d3925dd2c15f6dec3:1:sense,"The topmost, foremost, or leading part. | A leading component. | The top edge of a sail.",countable;uncountable,,WIK:wiktionary-20260901:m004.3-v1:en:421b810be94d7ca34eaea61a:['en:topmost or foremost part']:385be85690fde1409b069197:1:sense,"The topmost, foremost, or leading part. | Deposits near the top of a geological succession.",UK;countable;uncountable,,KEEP SEPARATE,Distinct learner use; preserve as separate meaning.
head:noun:686e59004b8f:9d3027816c8e31ef,87,head,noun,,WIK:wiktionary-20260901:m004.3-v1:en:421b810be94d7ca34eaea61a:['en:topmost or foremost part']:6ade88529eaa28139de6220b:1:sense,"The topmost, foremost, or leading part. | Synonym of tidal bore.",countable;uncountable,,WIK:wiktionary-20260901:m004.3-v1:en:421b810be94d7ca34eaea61a:['en:topmost or foremost part']:d835329567df6f9363333ba0:1:sense,"The topmost, foremost, or leading part. | The end of a table. | The end of a pool table opposite the end where the balls have been racked.",countable;uncountable,,KEEP SEPARATE,Distinct learner use; preserve as separate meaning.
head:noun:686e59004b8f:a49a39578a5adbf3,88,head,noun,,WIK:wiktionary-20260901:m004.3-v1:en:421b810be94d7ca34eaea61a:['en:topmost or foremost part']:7cdcdbf1d427d664501c3744:1:sense,"The topmost, foremost, or leading part. | The end of a table. | The end of a rectangular table furthest from the entrance; traditionally considered a seat of honor.",countable;uncountable,"{""bold_text_offsets"": [[52, 56]], ""text"": ""During meetings, the supervisor usually sits at the head of the table."", ""type"": ""example""}",WIK:wiktionary-20260901:m004.3-v1:en:421b810be94d7ca34eaea61a:['en:topmost or foremost part']:e847448e4d47e442a2f01331:1:sense,"The topmost, foremost, or leading part. | The end of an abscess where pus collects.",countable;uncountable,,KEEP SEPARATE,Distinct learner use; preserve as separate meaning.
head:noun:686e59004b8f:a57b3a7aa48d8c45,89,head,noun,,WIK:wiktionary-20260901:m004.3-v1:en:421b810be94d7ca34eaea61a:['en:topmost or foremost part']:20b3ee565a04a9c1c97b969d:1:sense,"The topmost, foremost, or leading part. | The principal operative part of a machine, tool or fastener. | A machine element which reads or writes electromagnetic signals to or from a storage medium.",countable;uncountable,"{""bold_text_offsets"": [[4, 9]], ""text"": ""The heads of your tape player need to be cleaned."", ""type"": ""example""}",WIK:wiktionary-20260901:m004.3-v1:en:421b810be94d7ca34eaea61a:['en:topmost or foremost part']:e847448e4d47e442a2f01331:1:sense,"The topmost, foremost, or leading part. | The end of an abscess where pus collects.",countable;uncountable,,KEEP SEPARATE,Distinct learner use; preserve as separate meaning.
head:noun:686e59004b8f:a59e2e65fa46d91c,90,head,noun,,WIK:wiktionary-20260901:m004.3-v1:en:421b810be94d7ca34eaea61a:['en:topmost or foremost part']:e847448e4d47e442a2f01331:1:sense,"The topmost, foremost, or leading part. | The end of an abscess where pus collects.",countable;uncountable,,WIK:wiktionary-20260901:m004.3-v1:en:421b810be94d7ca34eaea61a:['en:topmost or foremost part']:ff171db3e8beb6cdc2d7d903:1:sense,"The topmost, foremost, or leading part. | A headland.",UK;countable;uncountable,,KEEP SEPARATE,Distinct learner use; preserve as separate meaning.
head:noun:686e59004b8f:aa0207417053f4c9,91,head,noun,,WIK:wiktionary-20260901:m004.3-v1:en:421b810be94d7ca34eaea61a:['en:topmost or foremost part']:65166047ed111568c8f09eda:1:sense,"The topmost, foremost, or leading part.",countable,"{""bold_text_offsets"": [[24, 28]], ""text"": ""What does it say at the head of the page?"", ""type"": ""example""} | {""bold_text_offsets"": [[124, 129]], ""ref"": ""1913, Joseph C[rosby] Lincoln, chapter X, in Mr. Pratt’s Patients, New York, N.Y.; London: D[aniel] Appleton and Company, →OCLC, page 243:"", ""text"": ""Men that I knew around Wapatomac didn't wear high, shiny plug hats, nor yeller spring overcoats, nor carry canes with ivory heads as big as a catboat's anchor, as you might say."", ""type"": ""quotation""}",WIK:wiktionary-20260901:m004.3-v1:en:421b810be94d7ca34eaea61a:['en:topmost or foremost part']:f64bd481b80b2d6d56d8fd92:1:sense,"The topmost, foremost, or leading part. | The foam that forms on top of beer or other carbonated beverages.",countable;uncountable,"{""bold_text_offsets"": [[38, 42]], ""text"": ""Pour me a fresh beer; this one has no head."", ""type"": ""example""} | {""bold_text_offsets"": [[72, 76]], ""text"": ""He never learned how to pour a glass of beer so it didn't have too much head."", ""type"": ""example""}",KEEP SEPARATE,Distinct learner use; preserve as separate meaning.
head:noun:686e59004b8f:b22571955550295d,92,head,noun,,WIK:wiktionary-20260901:m004.3-v1:en:421b810be94d7ca34eaea61a:['en:topmost or foremost part']:d9d8b6490fc0131328a21ddb:1:sense,"The topmost, foremost, or leading part. | The principal operative part of a machine, tool or fastener. | A milling head, a part of a milling machine that houses the spindle.",countable;uncountable,,WIK:wiktionary-20260901:m004.3-v1:en:421b810be94d7ca34eaea61a:['en:topmost or foremost part']:f64bd481b80b2d6d56d8fd92:1:sense,"The topmost, foremost, or leading part. | The foam that forms on top of beer or other carbonated beverages.",countable;uncountable,"{""bold_text_offsets"": [[38, 42]], ""text"": ""Pour me a fresh beer; this one has no head."", ""type"": ""example""} | {""bold_text_offsets"": [[72, 76]], ""text"": ""He never learned how to pour a glass of beer so it didn't have too much head."", ""type"": ""example""}",KEEP SEPARATE,Distinct learner use; preserve as separate meaning.
head:noun:686e59004b8f:b6b34c1a41668271,93,head,noun,,WIK:wiktionary-20260901:m004.3-v1:en:421b810be94d7ca34eaea61a:['en:topmost or foremost part']:81c7bd4cb1489814e994ad1e:1:sense,"The topmost, foremost, or leading part. | A title or heading in a book or other document.",countable;uncountable,"{""bold_text_offsets"": [[77, 82]], ""ref"": ""1807, George Burnett, Specimens of English Prose Writers, page 351:"", ""text"": ""In this repositary, the phenomena of nature are ranged under three principal heads."", ""type"": ""quotation""}",WIK:wiktionary-20260901:m004.3-v1:en:421b810be94d7ca34eaea61a:['en:topmost or foremost part']:e847448e4d47e442a2f01331:1:sense,"The topmost, foremost, or leading part. | The end of an abscess where pus collects.",countable;uncountable,,KEEP SEPARATE,Distinct learner use; preserve as separate meaning.
head:noun:686e59004b8f:b7b03debc87ebe06,94,head,noun,,WIK:wiktionary-20260901:m004.3-v1:en:421b810be94d7ca34eaea61a:['en:topmost or foremost part']:d835329567df6f9363333ba0:1:sense,"The topmost, foremost, or leading part. | The end of a table. | The end of a pool table opposite the end where the balls have been racked.",countable;uncountable,,WIK:wiktionary-20260901:m004.3-v1:en:421b810be94d7ca34eaea61a:['en:topmost or foremost part']:f64bd481b80b2d6d56d8fd92:1:sense,"The topmost, foremost, or leading part. | The foam that forms on top of beer or other carbonated beverages.",countable;uncountable,"{""bold_text_offsets"": [[38, 42]], ""text"": ""Pour me a fresh beer; this one has no head."", ""type"": ""example""} | {""bold_text_offsets"": [[72, 76]], ""text"": ""He never learned how to pour a glass of beer so it didn't have too much head."", ""type"": ""example""}",KEEP SEPARATE,Distinct learner use; preserve as separate meaning.
head:noun:686e59004b8f:b7f7550847e29540,95,head,noun,,WIK:wiktionary-20260901:m004.3-v1:en:421b810be94d7ca34eaea61a:['en:topmost or foremost part']:81c7bd4cb1489814e994ad1e:1:sense,"The topmost, foremost, or leading part. | A title or heading in a book or other document.",countable;uncountable,"{""bold_text_offsets"": [[77, 82]], ""ref"": ""1807, George Burnett, Specimens of English Prose Writers, page 351:"", ""text"": ""In this repositary, the phenomena of nature are ranged under three principal heads."", ""type"": ""quotation""}",WIK:wiktionary-20260901:m004.3-v1:en:421b810be94d7ca34eaea61a:['en:topmost or foremost part']:a1330e45f653ac430b3f6ab9:1:sense,"The topmost, foremost, or leading part. | The uppermost part of a valley.",countable;uncountable,"{""bold_text_offsets"": [[47, 51]], ""ref"": ""1912, Robert Sterling Clark, Arthur de Carle Sowerby, Through Shên-kan: The Account of the Clark Expedition in North China, 1908-9., T. Fisher Unwin, →OCLC, page 122:"", ""text"": ""A deep bed of this red sandstone occurs at the head of the Yen Shui valley, a few miles south of Ching-pien [translating 靖邊 /靖边 (Jìngbiān)]."", ""type"": ""quotation""}",KEEP SEPARATE,Distinct learner use; preserve as separate meaning.
head:noun:686e59004b8f:baf4dce1df757b0e,96,head,noun,,"WIK:wiktionary-20260901:m004.3-v1:en:421b810be94d7ca34eaea61a:['en:topmost or foremost part', 'en:coopering']:8970889329f2eabba0faa4ea:1:sense","The topmost, foremost, or leading part. | The end cap of a cask or other barrel.",countable;uncountable,,WIK:wiktionary-20260901:m004.3-v1:en:421b810be94d7ca34eaea61a:['en:topmost or foremost part']:e847448e4d47e442a2f01331:1:sense,"The topmost, foremost, or leading part. | The end of an abscess where pus collects.",countable;uncountable,,KEEP SEPARATE,Distinct learner use; preserve as separate meaning.
head:noun:686e59004b8f:c317912b5d1285a8,97,head,noun,,WIK:wiktionary-20260901:m004.3-v1:en:421b810be94d7ca34eaea61a:['en:topmost or foremost part']:6922aa8d47280b09363ec9e9:1:sense,"The topmost, foremost, or leading part. | The headstock of a guitar.",countable;uncountable,,WIK:wiktionary-20260901:m004.3-v1:en:421b810be94d7ca34eaea61a:['en:topmost or foremost part']:e847448e4d47e442a2f01331:1:sense,"The topmost, foremost, or leading part. | The end of an abscess where pus collects.",countable;uncountable,,KEEP SEPARATE,Distinct learner use; preserve as separate meaning.
head:noun:686e59004b8f:cb75c1188ffb2ff5,98,head,noun,,WIK:wiktionary-20260901:m004.3-v1:en:421b810be94d7ca34eaea61a:['en:topmost or foremost part']:6922aa8d47280b09363ec9e9:1:sense,"The topmost, foremost, or leading part. | The headstock of a guitar.",countable;uncountable,,WIK:wiktionary-20260901:m004.3-v1:en:421b810be94d7ca34eaea61a:['en:topmost or foremost part']:a1330e45f653ac430b3f6ab9:1:sense,"The topmost, foremost, or leading part. | The uppermost part of a valley.",countable;uncountable,"{""bold_text_offsets"": [[47, 51]], ""ref"": ""1912, Robert Sterling Clark, Arthur de Carle Sowerby, Through Shên-kan: The Account of the Clark Expedition in North China, 1908-9., T. Fisher Unwin, →OCLC, page 122:"", ""text"": ""A deep bed of this red sandstone occurs at the head of the Yen Shui valley, a few miles south of Ching-pien [translating 靖邊 /靖边 (Jìngbiān)]."", ""type"": ""quotation""}",KEEP SEPARATE,Distinct learner use; preserve as separate meaning.
head:noun:686e59004b8f:d391d5342556e058,99,head,noun,,WIK:wiktionary-20260901:m004.3-v1:en:421b810be94d7ca34eaea61a:['en:topmost or foremost part']:6922aa8d47280b09363ec9e9:1:sense,"The topmost, foremost, or leading part. | The headstock of a guitar.",countable;uncountable,,WIK:wiktionary-20260901:m004.3-v1:en:421b810be94d7ca34eaea61a:['en:topmost or foremost part']:6ade88529eaa28139de6220b:1:sense,"The topmost, foremost, or leading part. | Synonym of tidal bore.",countable;uncountable,,KEEP SEPARATE,Distinct learner use; preserve as separate meaning.
head:noun:686e59004b8f:d862439ff6446350,100,head,noun,,WIK:wiktionary-20260901:m004.3-v1:en:421b810be94d7ca34eaea61a:['en:Q23640']:2397a7bcd164be0ece1c2640:1:sense,"The part of the body of an animal or human which contains the brain, mouth, and main sense organs. | To do with heads. | A headdress; a covering for the head.",countable;uncountable,"{""bold_text_offsets"": [[8, 12]], ""tags"": [""collocation""], ""text"": ""a laced head"", ""type"": ""example""} | {""bold_text_offsets"": [[2, 6]], ""tags"": [""collocation""], ""text"": ""a head of hair"", ""type"": ""example""}",WIK:wiktionary-20260901:m004.3-v1:en:421b810be94d7ca34eaea61a:['en:Q23640']:60e5bba8d0dc7f6f5362df1c:1:sense,"The part of the body of an animal or human which contains the brain, mouth, and main sense organs. | To do with heads. | An individual person.",countable;figuratively;metonymically;uncountable,"{""bold_text_offsets"": [[29, 33]], ""text"": ""Admission is three dollars a head."", ""type"": ""example""} | {""bold_text_offsets"": [[263, 267]], ""ref"": ""1749, Henry Fielding, chapter VII, in The History of Tom Jones, a Foundling, volume III, London: A[ndrew] Millar, […], →OCLC, book VIII, pages 196–197:"", ""text"": ""[…] but here we are obliged to diſcloſe ſome Maxims, which Publicans hold to be the grand Myſteries of their Trade. […] And, laſtly, if any of their Gueſts call but for little, to make them pay a double Price for every Thing they have ; ſo that the Amount by the Head may be much the ſame."", ""type"": ""quotation""}",KEEP SEPARATE,Distinct learner use; preserve as separate meaning.
head:noun:686e59004b8f:de27c17910e8f667,101,head,noun,,WIK:wiktionary-20260901:m004.3-v1:en:421b810be94d7ca34eaea61a:['en:topmost or foremost part']:a1330e45f653ac430b3f6ab9:1:sense,"The topmost, foremost, or leading part. | The uppermost part of a valley.",countable;uncountable,"{""bold_text_offsets"": [[47, 51]], ""ref"": ""1912, Robert Sterling Clark, Arthur de Carle Sowerby, Through Shên-kan: The Account of the Clark Expedition in North China, 1908-9., T. Fisher Unwin, →OCLC, page 122:"", ""text"": ""A deep bed of this red sandstone occurs at the head of the Yen Shui valley, a few miles south of Ching-pien [translating 靖邊 /靖边 (Jìngbiān)]."", ""type"": ""quotation""}",WIK:wiktionary-20260901:m004.3-v1:en:421b810be94d7ca34eaea61a:['en:topmost or foremost part']:a199efd79813d02aa7e503b0:1:sense,"The topmost, foremost, or leading part. | A leading component. | The bow of a vessel.",countable;uncountable,,MERGE,Same learner concept: the foremost/end part of something; valley head vs vessel bow are positional applications.
head:noun:686e59004b8f:de30cbb6abf2e7d9,102,head,noun,,WIK:wiktionary-20260901:m004.3-v1:en:421b810be94d7ca34eaea61a:['en:Q23640']:088c25a96d4315a358364f2f:1:sense,"The part of the body of an animal or human which contains the brain, mouth, and main sense organs.",countable,"{""bold_text_offsets"": [[40, 44]], ""text"": ""Be careful when you pet that dog on the head; it may bite."", ""type"": ""example""} | {""bold_text_offsets"": [[55, 59]], ""ref"": ""1913, Joseph C[rosby] Lincoln, chapter VIII, in Mr. Pratt’s Patients, New York, N.Y.; London: D[aniel] Appleton and Company, →OCLC, page 175:"", ""text"": ""Afore we got to the shanty Colonel Applegate stuck his head out of the door. His temper had been getting raggeder all the time, and the sousing he got when he fell overboard had just about ripped what was left of it to ravellings."", ""type"": ""quotation""}",WIK:wiktionary-20260901:m004.3-v1:en:421b810be94d7ca34eaea61a:['en:Q23640']:60e5bba8d0dc7f6f5362df1c:1:sense,"The part of the body of an animal or human which contains the brain, mouth, and main sense organs. | To do with heads. | An individual person.",countable;figuratively;metonymically;uncountable,"{""bold_text_offsets"": [[29, 33]], ""text"": ""Admission is three dollars a head."", ""type"": ""example""} | {""bold_text_offsets"": [[263, 267]], ""ref"": ""1749, Henry Fielding, chapter VII, in The History of Tom Jones, a Foundling, volume III, London: A[ndrew] Millar, […], →OCLC, book VIII, pages 196–197:"", ""text"": ""[…] but here we are obliged to diſcloſe ſome Maxims, which Publicans hold to be the grand Myſteries of their Trade. […] And, laſtly, if any of their Gueſts call but for little, to make them pay a double Price for every Thing they have ; ſo that the Amount by the Head may be much the ſame."", ""type"": ""quotation""}",KEEP SEPARATE,Distinct learner use; preserve as separate meaning.
head:noun:686e59004b8f:dfa493cffc6d6b47,103,head,noun,,WIK:wiktionary-20260901:m004.3-v1:en:421b810be94d7ca34eaea61a:['en:Q23640']:42cada1f4151174bb989acd3:1:sense,"The part of the body of an animal or human which contains the brain, mouth, and main sense organs. | To do with heads. | Mind; one's own thoughts.",countable;figuratively;metonymically;uncountable,"{""bold_text_offsets"": [[33, 37]], ""text"": ""This song keeps going through my head."", ""type"": ""example""} | {""bold_text_offsets"": [[31, 35]], ""ref"": ""1935, George Goodchild, chapter 1, in Death on the Centre Court:"", ""text"": ""“Anthea hasn't a notion in her head but to vamp a lot of silly mugwumps. She's set her heart on that tennis bloke[…]whom the papers are making such a fuss about.”"", ""type"": ""quotation""}",WIK:wiktionary-20260901:m004.3-v1:en:421b810be94d7ca34eaea61a:['en:Q23640']:60e5bba8d0dc7f6f5362df1c:1:sense,"The part of the body of an animal or human which contains the brain, mouth, and main sense organs. | To do with heads. | An individual person.",countable;figuratively;metonymically;uncountable,"{""bold_text_offsets"": [[29, 33]], ""text"": ""Admission is three dollars a head."", ""type"": ""example""} | {""bold_text_offsets"": [[263, 267]], ""ref"": ""1749, Henry Fielding, chapter VII, in The History of Tom Jones, a Foundling, volume III, London: A[ndrew] Millar, […], →OCLC, book VIII, pages 196–197:"", ""text"": ""[…] but here we are obliged to diſcloſe ſome Maxims, which Publicans hold to be the grand Myſteries of their Trade. […] And, laſtly, if any of their Gueſts call but for little, to make them pay a double Price for every Thing they have ; ſo that the Amount by the Head may be much the ſame."", ""type"": ""quotation""}",KEEP SEPARATE,Distinct learner use; preserve as separate meaning.
head:noun:686e59004b8f:e0d0bf58a9d56ae7,104,head,noun,,WIK:wiktionary-20260901:m004.3-v1:en:421b810be94d7ca34eaea61a:['en:topmost or foremost part']:a199efd79813d02aa7e503b0:1:sense,"The topmost, foremost, or leading part. | A leading component. | The bow of a vessel.",countable;uncountable,,WIK:wiktionary-20260901:m004.3-v1:en:421b810be94d7ca34eaea61a:['en:topmost or foremost part']:fb5d37dec14e34de9b58dcb9:1:sense,"The topmost, foremost, or leading part. | Ellipsis of headline.",abbreviation;alt-of;countable;ellipsis;uncountable,"{""bold_text_offsets"": [[17, 21], [96, 100]], ""ref"": ""1968, Earl English, Clarence Hach, Scholastic Journalism, page 166:"", ""text"": ""The content of a headline over a news story should be taken from the lead of the story. […] The head should give the same impression as the body of the story."", ""type"": ""quotation""}",KEEP SEPARATE,Distinct learner use; preserve as separate meaning.
head:noun:686e59004b8f:e221c17ba1377440,105,head,noun,,WIK:wiktionary-20260901:m004.3-v1:en:421b810be94d7ca34eaea61a:['en:topmost or foremost part']:a1330e45f653ac430b3f6ab9:1:sense,"The topmost, foremost, or leading part. | The uppermost part of a valley.",countable;uncountable,"{""bold_text_offsets"": [[47, 51]], ""ref"": ""1912, Robert Sterling Clark, Arthur de Carle Sowerby, Through Shên-kan: The Account of the Clark Expedition in North China, 1908-9., T. Fisher Unwin, →OCLC, page 122:"", ""text"": ""A deep bed of this red sandstone occurs at the head of the Yen Shui valley, a few miles south of Ching-pien [translating 靖邊 /靖边 (Jìngbiān)]."", ""type"": ""quotation""}",WIK:wiktionary-20260901:m004.3-v1:en:421b810be94d7ca34eaea61a:['en:topmost or foremost part']:d9d8b6490fc0131328a21ddb:1:sense,"The topmost, foremost, or leading part. | The principal operative part of a machine, tool or fastener. | A milling head, a part of a milling machine that houses the spindle.",countable;uncountable,,KEEP SEPARATE,Distinct learner use; preserve as separate meaning.
head:noun:686e59004b8f:e2919078483573b7,106,head,noun,,WIK:wiktionary-20260901:m004.3-v1:en:421b810be94d7ca34eaea61a:['en:topmost or foremost part']:65166047ed111568c8f09eda:1:sense,"The topmost, foremost, or leading part.",countable,"{""bold_text_offsets"": [[24, 28]], ""text"": ""What does it say at the head of the page?"", ""type"": ""example""} | {""bold_text_offsets"": [[124, 129]], ""ref"": ""1913, Joseph C[rosby] Lincoln, chapter X, in Mr. Pratt’s Patients, New York, N.Y.; London: D[aniel] Appleton and Company, →OCLC, page 243:"", ""text"": ""Men that I knew around Wapatomac didn't wear high, shiny plug hats, nor yeller spring overcoats, nor carry canes with ivory heads as big as a catboat's anchor, as you might say."", ""type"": ""quotation""}",WIK:wiktionary-20260901:m004.3-v1:en:421b810be94d7ca34eaea61a:['en:topmost or foremost part']:6922aa8d47280b09363ec9e9:1:sense,"The topmost, foremost, or leading part. | The headstock of a guitar.",countable;uncountable,,KEEP SEPARATE,Distinct learner use; preserve as separate meaning.
head:noun:686e59004b8f:e2ebc2ed513b5f57,107,head,noun,,WIK:wiktionary-20260901:m004.3-v1:en:421b810be94d7ca34eaea61a:['en:topmost or foremost part']:a1330e45f653ac430b3f6ab9:1:sense,"The topmost, foremost, or leading part. | The uppermost part of a valley.",countable;uncountable,"{""bold_text_offsets"": [[47, 51]], ""ref"": ""1912, Robert Sterling Clark, Arthur de Carle Sowerby, Through Shên-kan: The Account of the Clark Expedition in North China, 1908-9., T. Fisher Unwin, →OCLC, page 122:"", ""text"": ""A deep bed of this red sandstone occurs at the head of the Yen Shui valley, a few miles south of Ching-pien [translating 靖邊 /靖边 (Jìngbiān)]."", ""type"": ""quotation""}",WIK:wiktionary-20260901:m004.3-v1:en:421b810be94d7ca34eaea61a:['en:topmost or foremost part']:fb5d37dec14e34de9b58dcb9:1:sense,"The topmost, foremost, or leading part. | Ellipsis of headline.",abbreviation;alt-of;countable;ellipsis;uncountable,"{""bold_text_offsets"": [[17, 21], [96, 100]], ""ref"": ""1968, Earl English, Clarence Hach, Scholastic Journalism, page 166:"", ""text"": ""The content of a headline over a news story should be taken from the lead of the story. […] The head should give the same impression as the body of the story."", ""type"": ""quotation""}",KEEP SEPARATE,Distinct learner use; preserve as separate meaning.
head:noun:686e59004b8f:e6ff9b1b5382dfba,108,head,noun,,WIK:wiktionary-20260901:m004.3-v1:en:421b810be94d7ca34eaea61a:['en:Q23640']:118faa127a086316e0cab7a9:1:sense,"The part of the body of an animal or human which contains the brain, mouth, and main sense organs. | To do with heads. | Mental or emotional aptitude or skill.",countable;uncountable,"{""bold_text_offsets"": [[44, 49]], ""text"": ""The company is looking for people with good heads for business."", ""type"": ""example""} | {""bold_text_offsets"": [[10, 14]], ""text"": ""He has no head for heights."", ""type"": ""example""} | {""bold_text_offsets"": [[29, 33]], ""text"": ""It's all about having a good head on your shoulders."", ""type"": ""example""} | {""bold_text_offsets"": [[212, 216], [371, 375]], ""ref"": ""1951, John Wyndham, The Day of the Triffids, Harmondsworth: Penguin Books, published 1954, page 25:"", ""text"": ""And each of a succession of teachers who tried to show me that mathematical answers were derived logically and not through some form of esoteric inspiration was forced to give up with the assurance that I had no head for figures. My father 'would read my school reports with a gloom which in other respects they scarcely warranted. His mind worked, I think, this way: no head for figures = no idea of finance = no money."", ""type"": ""quotation""}",WIK:wiktionary-20260901:m004.3-v1:en:421b810be94d7ca34eaea61a:['en:Q23640']:1b8f0821d1a457531dbcba95:1:sense,"The part of the body of an animal or human which contains the brain, mouth, and main sense organs. | To do with heads. | The antlers of a deer.",countable;uncountable,,KEEP SEPARATE,Distinct learner use; preserve as separate meaning.
head:noun:686e59004b8f:eacafb8a77821e49,109,head,noun,,WIK:wiktionary-20260901:m004.3-v1:en:421b810be94d7ca34eaea61a:['en:topmost or foremost part']:7404493d85a355cc00a97b5e:1:sense,"The topmost, foremost, or leading part. | The principal operative part of a machine, tool or fastener. | The end of a nail, screw, bolt, or similar fastener which is opposite the point; usually blunt and relatively wide.",countable;uncountable,"{""bold_text_offsets"": [[20, 24]], ""text"": ""Hit the nail on the head!"", ""type"": ""example""}",WIK:wiktionary-20260901:m004.3-v1:en:421b810be94d7ca34eaea61a:['en:topmost or foremost part']:e847448e4d47e442a2f01331:1:sense,"The topmost, foremost, or leading part. | The end of an abscess where pus collects.",countable;uncountable,,KEEP SEPARATE,Distinct learner use; preserve as separate meaning.
head:noun:686e59004b8f:ec4e2f5506f9bcd0,110,head,noun,,WIK:wiktionary-20260901:m004.3-v1:en:421b810be94d7ca34eaea61a:['en:topmost or foremost part']:a199efd79813d02aa7e503b0:1:sense,"The topmost, foremost, or leading part. | A leading component. | The bow of a vessel.",countable;uncountable,,WIK:wiktionary-20260901:m004.3-v1:en:421b810be94d7ca34eaea61a:['en:topmost or foremost part']:e847448e4d47e442a2f01331:1:sense,"The topmost, foremost, or leading part. | The end of an abscess where pus collects.",countable;uncountable,,KEEP SEPARATE,Distinct learner use; preserve as separate meaning.
head:noun:686e59004b8f:eca48144823b7d5b,111,head,noun,,WIK:wiktionary-20260901:m004.3-v1:en:421b810be94d7ca34eaea61a:['en:toilet of a ship']:80673e556b4cac824bd1bfc4:1:sense,"A significant or important part. | A beginning or end, a protuberance. | The toilet of a ship.",countable;uncountable,"{""bold_text_offsets"": [[22, 26]], ""text"": ""I've got to go to the head."", ""type"": ""example""}",WIK:wiktionary-20260901:m004.3-v1:en:421b810be94d7ca34eaea61a:content:19845c494b550cb385f28527:1:sense,"A significant or important part. | A beginning or end, a protuberance. | Tiles laid at the eaves of a house.",countable;in-plural;uncountable,"{""ref"": ""1875, Edward H. Knight, Knight's American Mechanical Dictionary, vol. II, page 1086"", ""text"": ""Heads. (Roofing.) Tiles which are laid at the eaves of a house""}",KEEP SEPARATE,Distinct learner use; preserve as separate meaning.
head:noun:686e59004b8f:ed9e4eb5c4dac99f,112,head,noun,,WIK:wiktionary-20260901:m004.3-v1:en:421b810be94d7ca34eaea61a:['en:Q23640']:088c25a96d4315a358364f2f:1:sense,"The part of the body of an animal or human which contains the brain, mouth, and main sense organs.",countable,"{""bold_text_offsets"": [[40, 44]], ""text"": ""Be careful when you pet that dog on the head; it may bite."", ""type"": ""example""} | {""bold_text_offsets"": [[55, 59]], ""ref"": ""1913, Joseph C[rosby] Lincoln, chapter VIII, in Mr. Pratt’s Patients, New York, N.Y.; London: D[aniel] Appleton and Company, →OCLC, page 175:"", ""text"": ""Afore we got to the shanty Colonel Applegate stuck his head out of the door. His temper had been getting raggeder all the time, and the sousing he got when he fell overboard had just about ripped what was left of it to ravellings."", ""type"": ""quotation""}",WIK:wiktionary-20260901:m004.3-v1:en:421b810be94d7ca34eaea61a:['en:Q23640']:3ebe701b39e23a443430e602:1:sense,"The part of the body of an animal or human which contains the brain, mouth, and main sense organs. | To do with heads. | The population of game.",countable;uncountable,"{""bold_text_offsets"": [[16, 20]], ""text"": ""We have a heavy head of deer this year."", ""type"": ""example""}",KEEP SEPARATE,Distinct learner use; preserve as separate meaning.
head:noun:686e59004b8f:edb82036433d7868,113,head,noun,,WIK:wiktionary-20260901:m004.3-v1:en:421b810be94d7ca34eaea61a:['en:topmost or foremost part']:a6d48e3310f2fc018bbec7b7:1:sense,"The topmost, foremost, or leading part. | The principal operative part of a machine, tool or fastener. | The sharp end of an arrow, spear, or pointer.",countable;uncountable,"{""bold_text_offsets"": [[4, 8]], ""text"": ""The head of the compass needle is pointing due north."", ""type"": ""example""}",WIK:wiktionary-20260901:m004.3-v1:en:421b810be94d7ca34eaea61a:['en:topmost or foremost part']:f64bd481b80b2d6d56d8fd92:1:sense,"The topmost, foremost, or leading part. | The foam that forms on top of beer or other carbonated beverages.",countable;uncountable,"{""bold_text_offsets"": [[38, 42]], ""text"": ""Pour me a fresh beer; this one has no head."", ""type"": ""example""} | {""bold_text_offsets"": [[72, 76]], ""text"": ""He never learned how to pour a glass of beer so it didn't have too much head."", ""type"": ""example""}",KEEP SEPARATE,Distinct learner use; preserve as separate meaning.
head:noun:686e59004b8f:f193444bd265e1c9,114,head,noun,,WIK:wiktionary-20260901:m004.3-v1:en:421b810be94d7ca34eaea61a:['en:topmost or foremost part']:6922aa8d47280b09363ec9e9:1:sense,"The topmost, foremost, or leading part. | The headstock of a guitar.",countable;uncountable,,WIK:wiktionary-20260901:m004.3-v1:en:421b810be94d7ca34eaea61a:['en:topmost or foremost part']:f64bd481b80b2d6d56d8fd92:1:sense,"The topmost, foremost, or leading part. | The foam that forms on top of beer or other carbonated beverages.",countable;uncountable,"{""bold_text_offsets"": [[38, 42]], ""text"": ""Pour me a fresh beer; this one has no head."", ""type"": ""example""} | {""bold_text_offsets"": [[72, 76]], ""text"": ""He never learned how to pour a glass of beer so it didn't have too much head."", ""type"": ""example""}",KEEP SEPARATE,Distinct learner use; preserve as separate meaning.
head:noun:686e59004b8f:f709b2eb6c81dfa6,115,head,noun,,WIK:wiktionary-20260901:m004.3-v1:en:421b810be94d7ca34eaea61a:['en:topmost or foremost part']:6922aa8d47280b09363ec9e9:1:sense,"The topmost, foremost, or leading part. | The headstock of a guitar.",countable;uncountable,,WIK:wiktionary-20260901:m004.3-v1:en:421b810be94d7ca34eaea61a:['en:topmost or foremost part']:ff171db3e8beb6cdc2d7d903:1:sense,"The topmost, foremost, or leading part. | A headland.",UK;countable;uncountable,,KEEP SEPARATE,Distinct learner use; preserve as separate meaning.
head:noun:686e59004b8f:f941c6bb14c2676f,116,head,noun,,WIK:wiktionary-20260901:m004.3-v1:en:421b810be94d7ca34eaea61a:['en:topmost or foremost part']:97b0085b550d1f9859dbab32:1:sense,"The topmost, foremost, or leading part. | The principal operative part of a machine, tool or fastener. | The part of a disk drive responsible for reading and writing data.",countable;uncountable,,WIK:wiktionary-20260901:m004.3-v1:en:421b810be94d7ca34eaea61a:['en:topmost or foremost part']:e847448e4d47e442a2f01331:1:sense,"The topmost, foremost, or leading part. | The end of an abscess where pus collects.",countable;uncountable,,KEEP SEPARATE,Distinct learner use; preserve as separate meaning.
head:noun:686e59004b8f:fad712a11fd9567b,117,head,noun,,WIK:wiktionary-20260901:m004.3-v1:en:421b810be94d7ca34eaea61a:['en:topmost or foremost part']:81c7bd4cb1489814e994ad1e:1:sense,"The topmost, foremost, or leading part. | A title or heading in a book or other document.",countable;uncountable,"{""bold_text_offsets"": [[77, 82]], ""ref"": ""1807, George Burnett, Specimens of English Prose Writers, page 351:"", ""text"": ""In this repositary, the phenomena of nature are ranged under three principal heads."", ""type"": ""quotation""}",WIK:wiktionary-20260901:m004.3-v1:en:421b810be94d7ca34eaea61a:['en:topmost or foremost part']:f64bd481b80b2d6d56d8fd92:1:sense,"The topmost, foremost, or leading part. | The foam that forms on top of beer or other carbonated beverages.",countable;uncountable,"{""bold_text_offsets"": [[38, 42]], ""text"": ""Pour me a fresh beer; this one has no head."", ""type"": ""example""} | {""bold_text_offsets"": [[72, 76]], ""text"": ""He never learned how to pour a glass of beer so it didn't have too much head."", ""type"": ""example""}",KEEP SEPARATE,Distinct learner use; preserve as separate meaning.
head:noun:686e59004b8f:fb04d04faa175e99,118,head,noun,,WIK:wiktionary-20260901:m004.3-v1:en:421b810be94d7ca34eaea61a:['en:topmost or foremost part']:6ade88529eaa28139de6220b:1:sense,"The topmost, foremost, or leading part. | Synonym of tidal bore.",countable;uncountable,,WIK:wiktionary-20260901:m004.3-v1:en:421b810be94d7ca34eaea61a:['en:topmost or foremost part']:e847448e4d47e442a2f01331:1:sense,"The topmost, foremost, or leading part. | The end of an abscess where pus collects.",countable;uncountable,,KEEP SEPARATE,Distinct learner use; preserve as separate meaning.
light:noun:bcede23fb774:612dadbe0509464e,119,light,noun,,WIK:wiktionary-20260901:m004.3-v1:en:afca2808d3b0337531852028:['en:Q76299']:8143be40ba206813c84456bf:1:sense,Electromagnetic radiation in the wavelength range visible to the human eye (about 400–750 nanometers): visible light.,uncountable,"{""bold_text_offsets"": [[56, 61]], ""text"": ""As you can see, this spacious dining-room gets a lot of light in the mornings."", ""type"": ""example""} | {""bold_text_offsets"": [[152, 157]], ""ref"": ""1897 December (indicated as 1898), Winston Churchill, chapter V, in The Celebrity: An Episode, New York, N.Y.: The Macmillan Company; London: Macmillan & Co., Ltd., →OCLC:"", ""text"": ""Then came a maid with hand-bag and shawls, and after her a tall young lady. She stood for a moment holding her skirt above the grimy steps,[…], and the light of the reflector fell full upon her."", ""type"": ""quotation""} | {""bold_text_offsets"": [[132, 137]], ""ref"": ""1963, Margery Allingham, chapter 3, in The China Governess: A Mystery, London: Chatto & Windus, →OCLC:"", ""text"": ""Here the stripped panelling was warmly gold and the pictures, mostly of the English school, were mellow and gentle in the afternoon light."", ""type"": ""quotation""} | {""bold_text_offsets"": [[185, 190], [371, 376]], ""ref"": ""2013 July 20, “Out of the gloom”, in The Economist, volume 408, number 8845:"", ""text"": ""[Rural solar plant] schemes are of little help to industry or other heavy users of electricity. Nor is solar power yet as cheap as the grid. For all that, the rapid arrival of electric light to Indian villages is long overdue. When the national grid suffers its next huge outage, as it did in July 2012 when hundreds of millions were left in the dark, look for specks of light in the villages."", ""type"": ""quotation""} | {""ref"": ""2016, VOA Learning English (public domain)"", ""text"": ""When the studio light is on, I am recording my evening show.""}",WIK:wiktionary-20260901:m004.3-v1:en:dce747a4e121e3f2f7cfd479:content:0c691245583ae2aa3c34c186:1:sense,A member of the light cavalry.,historical,,KEEP SEPARATE,Distinct learner use; preserve as separate meaning.
light:noun:bcede23fb774:f2585c374d2de0b5,120,light,noun,,WIK:wiktionary-20260901:m004.3-v1:en:afca2808d3b0337531852028:['en:source of illumination']:26c34e3014a3916251952f9d:1:sense,"A source of illumination. | A lightbulb or similar light-emitting device, regardless of whether it is lit.",countable;uncountable,"{""bold_text_offsets"": [[22, 28]], ""text"": ""We turned off all the lights and went to sleep."", ""type"": ""example""} | {""bold_text_offsets"": [[12, 18]], ""ref"": ""2016 August 7, Jameson Rich, “The Shirt Stays On”, in The New York Times, New York, N.Y.: The New York Times Company, →ISSN, →OCLC, archived from the original on 25 Nov 2022:"", ""text"": ""The ceiling lights were off, but I knew the narrow light spilling from the lamp on my bureau would be enough for her to see the pale red marks on my chest, which had been fading for so long they had gone back to being shiny again."", ""type"": ""quotation""}",WIK:wiktionary-20260901:m004.3-v1:en:afca2808d3b0337531852028:['en:source of illumination']:f21417cea922c2b3b9d29aa7:1:sense,A source of illumination.,countable,"{""bold_text_offsets"": [[9, 14]], ""text"": ""Put that light out!"", ""type"": ""example""} | {""bold_text_offsets"": [[8, 13]], ""ref"": ""1611, The Holy Bible, […] (King James Version), London: […] Robert Barker, […], →OCLC, John 1:5:"", ""text"": ""And the light ſhineth in darkneſſe, and the darkneſſe compꝛehended it not."", ""type"": ""quotation""} | {""bold_text_offsets"": [[90, 96]], ""ref"": ""1918, W[illiam] B[abington] Maxwell, chapter V, in The Mirror and the Lamp, Indianapolis, Ind.: The Bobbs-Merrill Company, →OCLC:"", ""text"": ""He was thinking; but the glory of the song, the swell from the great organ, the clustered lights, […], the height and vastness of this noble fane, its antiquity and its strength—all these things seemed to have their part as causes of the thrilling emotion that accompanied his thoughts."", ""type"": ""quotation""}",MERGE,Same learner meaning: a source of illumination; lightbulb is the ordinary concrete instance.
line:noun:99cc3599809d:177dcd7b9783dc10,121,line,noun,,"WIK:wiktionary-20260901:m004.3-v1:en:d21fb3f162100e40053299d7:['en:lie-exaggeration-spin', 'en:Q2312067']:79559db5d3d695b75462a7e6:1:sense","A small amount of text. Specifically: | A lie, exaggeration, or spin, especially one said to gain another's approval or prevent losing it. | Ellipsis of pick-up line.",abbreviation;alt-of;ellipsis,,WIK:wiktionary-20260901:m004.3-v1:en:d21fb3f162100e40053299d7:content:c1464427c52356e734f97bb5:1:sense,Ellipsis of agate line (one fourteenth of an inch).,abbreviation;alt-of;ellipsis,"{""ref"": ""1912, Miscellaneous Series, numbers 7-11, page 25:"", ""text"": ""Advertising rates, line contract, less than 500 agate lines, 12 cents per line; 1,000 to 2,000 lines, 7 cents; 5,000 to 10,000 lines, 5 cents."", ""type"": ""quotation""}",KEEP SEPARATE,Distinct learner use; preserve as separate meaning.
line:noun:99cc3599809d:2fc1eeeb24d2b4fe,122,line,noun,,WIK:wiktionary-20260901:m004.3-v1:en:d21fb3f162100e40053299d7:['en:lie-exaggeration-spin']:329bcc33289598ef6f0bfc3d:1:sense,"A small amount of text. Specifically: | A lie, exaggeration, or spin, especially one said to gain another's approval or prevent losing it.",,"{""bold_text_offsets"": [[16, 20]], ""text"": ""Don't feed me a line!"", ""type"": ""example""}",WIK:wiktionary-20260901:m004.3-v1:en:d21fb3f162100e40053299d7:content:dd7420dfbacc8594c835a81b:1:sense,A small amount of text. Specifically: | A verse (in poetry).,,"{""bold_text_offsets"": [[21, 25]], ""ref"": ""1609, William Shakespeare, Sonnet 71:"", ""text"": ""Nay if you read this line, remember not, / The hand that writ it."", ""type"": ""quotation""}",KEEP SEPARATE,Distinct learner use; preserve as separate meaning.
line:noun:99cc3599809d:35546753cd4c5bae,123,line,noun,,WIK:wiktionary-20260901:m004.3-v1:en:d21fb3f162100e40053299d7:content:0edf63ac51c38a8f8fc1894c:1:sense,"A path through two or more points (compare ‘segment’); a continuous mark, including as made by a pen; any path, curved or straight.",,"{""bold_text_offsets"": [[32, 36]], ""text"": ""The arrow descended in a curved line."", ""type"": ""example""}",WIK:wiktionary-20260901:m004.3-v1:en:d21fb3f162100e40053299d7:content:bde0cd1e8f0ddf1a6e495938:1:sense,"A path through two or more points (compare ‘segment’); a continuous mark, including as made by a pen; any path, curved or straight. | A circle of latitude or of longitude, as represented on a map.",,,MERGE,Same learner meaning: a line/path; latitude/longitude is a map-specific application.
line:noun:99cc3599809d:4ee253d0c1fad3fd,124,line,noun,,WIK:wiktionary-20260901:m004.3-v1:en:d21fb3f162100e40053299d7:['en:lie-exaggeration-spin']:329bcc33289598ef6f0bfc3d:1:sense,"A small amount of text. Specifically: | A lie, exaggeration, or spin, especially one said to gain another's approval or prevent losing it.",,"{""bold_text_offsets"": [[16, 20]], ""text"": ""Don't feed me a line!"", ""type"": ""example""}",WIK:wiktionary-20260901:m004.3-v1:en:d21fb3f162100e40053299d7:content:7ebe8a2dff69593d9f1db07b:1:sense,"A small amount of text. Specifically: | A sentence of dialogue, especially in a play, movie, or the like.",,"{""bold_text_offsets"": [[29, 34]], ""text"": ""He was perfecting his pickup lines for use at the bar."", ""type"": ""example""} | {""bold_text_offsets"": [[48, 53]], ""text"": ""\""It is what it is\"" was one of his more annoying lines."", ""type"": ""example""} | {""bold_text_offsets"": [[84, 88], [84, 89], [143, 147]], ""ref"": ""2010, Alison Hodge, Actor training, page 138:"", ""text"": ""Anyone who has worked with Littlewood will wince at the memory of going over single lines time and time again, each actor in turn speaking the line until the valid intonation, phasing and emphasis emerged."", ""type"": ""quotation""} | {""bold_text_offsets"": [[63, 68]], ""ref"": ""2026 January 29, Angela Haupt, “Can I Ask Someone if They’re on Ozempic?”, in TIME, archived from the original on 01 Feb 2026:"", ""text"": ""Many have reported success shutting down the conversation with lines like these: “I'm making healthier choices. I'm going to the gym. I'm being mindful of what I'm eating, or I'm working with a health care professional.”"", ""type"": ""quotation""}",KEEP SEPARATE,Distinct learner use; preserve as separate meaning.
line:noun:99cc3599809d:5c649c3efa4a155a,125,line,noun,,WIK:wiktionary-20260901:m004.3-v1:en:d21fb3f162100e40053299d7:content:14678ac8b39456b714d67022:1:sense,"Any of an ill-defined set of units of length, varying according to the country, discipline, industry, and date of application, commonly with no indication of the intended magnitude: | One twelfth of an inch.",,"{""bold_text_offsets"": [[53, 57], [63, 67], [82, 86]], ""ref"": ""1883, Alfred Swaine Taylor, Thomas Stevenson, The principles and practice of medical jurisprudence:"", ""text"": ""The cut is measured in thickness from a quarter of a line to a line and a half (a line is one-twelfth of an inch)."", ""type"": ""quotation""}",WIK:wiktionary-20260901:m004.3-v1:en:d21fb3f162100e40053299d7:content:6abd5ac6d246117667e05da8:1:sense,"Any of an ill-defined set of units of length, varying according to the country, discipline, industry, and date of application, commonly with no indication of the intended magnitude: | One fortieth of an inch.",,"{""bold_text_offsets"": [[75, 79], [172, 176], [180, 184], [242, 246]], ""ref"": ""1922, “Statement of James Turner, Representing Universal Button Fastening Co., Detriot, Mich.”, in Hearings Before the Committee on Finance, United States Senate, page 5337:"", ""text"": ""In case any of the committee do not understand what is meant by a rate per line, I may say that buttons, being very small, are not measured by the foot or inch, but by the line, a line being one-fortieth of an inch. For example, that is a 27-line button[…]."", ""type"": ""quotation""}",MERGE,Same learner meaning: historical unit 'line'; numeric magnitude varies by system/context.
line:noun:99cc3599809d:600d67fedc8fafb6,126,line,noun,,WIK:wiktionary-20260901:m004.3-v1:en:d21fb3f162100e40053299d7:content:2768d7d7b69766d20723961c:1:sense,"Any of an ill-defined set of units of length, varying according to the country, discipline, industry, and date of application, commonly with no indication of the intended magnitude: | One sixteenth of an inch.",,,WIK:wiktionary-20260901:m004.3-v1:en:d21fb3f162100e40053299d7:content:9c06c6c5b1ba882843d4aa70:1:sense,"Any of an ill-defined set of units of length, varying according to the country, discipline, industry, and date of application, commonly with no indication of the intended magnitude",,"{""ref"": ""1847, Sir Erasmus Wilson, On Diseases of the Skin. Second edition:"", ""text"": ""Withof estimates that the hair of the beard grows one line (French) in the course of a week, let us call it one line and a half (Engish); this would amount to six inches and a half yearly..."", ""type"": ""quotation""}",MERGE,Same learner meaning: historical unit 'line'; the specific magnitude is one contextual value.
line:noun:99cc3599809d:61f7e3d28a1c6ab9,127,line,noun,,"WIK:wiktionary-20260901:m004.3-v1:en:d21fb3f162100e40053299d7:['en:lie-exaggeration-spin', 'en:Q2312067']:79559db5d3d695b75462a7e6:1:sense","A small amount of text. Specifically: | A lie, exaggeration, or spin, especially one said to gain another's approval or prevent losing it. | Ellipsis of pick-up line.",abbreviation;alt-of;ellipsis,,WIK:wiktionary-20260901:m004.3-v1:en:d21fb3f162100e40053299d7:['en:lie-exaggeration-spin']:329bcc33289598ef6f0bfc3d:1:sense,"A small amount of text. Specifically: | A lie, exaggeration, or spin, especially one said to gain another's approval or prevent losing it.",,"{""bold_text_offsets"": [[16, 20]], ""text"": ""Don't feed me a line!"", ""type"": ""example""}",KEEP SEPARATE,Distinct learner use; preserve as separate meaning.
line:noun:99cc3599809d:6ef3897cb03242cf,128,line,noun,,WIK:wiktionary-20260901:m004.3-v1:en:d21fb3f162100e40053299d7:content:032653f8f1107678fc4633d1:1:sense,"A path through two or more points (compare ‘segment’); a continuous mark, including as made by a pen; any path, curved or straight. | An edge of a graph.",,,WIK:wiktionary-20260901:m004.3-v1:en:d21fb3f162100e40053299d7:content:0edf63ac51c38a8f8fc1894c:1:sense,"A path through two or more points (compare ‘segment’); a continuous mark, including as made by a pen; any path, curved or straight.",,"{""bold_text_offsets"": [[32, 36]], ""text"": ""The arrow descended in a curved line."", ""type"": ""example""}",KEEP SEPARATE,Distinct learner use; preserve as separate meaning.
line:noun:99cc3599809d:6fb4e8958809750d,129,line,noun,,WIK:wiktionary-20260901:m004.3-v1:en:d21fb3f162100e40053299d7:content:1a6345302d80afac63fab119:1:sense,The position in which the fencers hold their swords.,,"{""bold_text_offsets"": [[26, 30], [183, 187], [240, 244], [316, 320]], ""ref"": ""1861, George Chapman, Foil Practice, with a Review of the Art of Fencing, page 12:"", ""text"": ""Thus, for example, in the line of Quarte, the direct thrust is parried by dropping the point under the adversary's blade and circling upwards, throwing off the attack in the opposite line (that of Tierce), and upon the direct thrust in the line of Tierce, by a similar action throwing off the attack in the opposite line (that of Quarte)."", ""type"": ""quotation""}",WIK:wiktionary-20260901:m004.3-v1:en:d21fb3f162100e40053299d7:content:69481b6248abc351dd0cea2b:1:sense,"A set of positions in a team which play in a similar position on the field; in a traditional team, consisting of three players and acting as one of six such sets in the team.",,,KEEP SEPARATE,Distinct learner use; preserve as separate meaning.
line:noun:99cc3599809d:7ab9bebc82548bc4,130,line,noun,,WIK:wiktionary-20260901:m004.3-v1:en:d21fb3f162100e40053299d7:content:b70ca91b92165d231c761f98:1:sense,"A path through two or more points (compare ‘segment’); a continuous mark, including as made by a pen; any path, curved or straight. | One of the straight horizontal and parallel prolonged strokes on and between which the notes are placed.",,,WIK:wiktionary-20260901:m004.3-v1:en:d21fb3f162100e40053299d7:content:f566ae0dfed7155248e89ef7:1:sense,"The wire connecting one telegraphic station with another, a telephone or internet cable between two points: a telephone or network connection.",,"{""bold_text_offsets"": [[32, 36]], ""text"": ""I tried to make a call, but the line was dead."", ""type"": ""example""} | {""bold_text_offsets"": [[12, 16], [28, 32]], ""text"": ""a dedicated line;  a shared line"", ""type"": ""example""} | {""bold_text_offsets"": [[21, 25]], ""text"": ""Please speak up, the line is very faint."", ""type"": ""example""} | {""bold_text_offsets"": [[4, 8]], ""ref"": ""1954, Ian Fleming, “Nigger Heaven”, in Live and Let Die, London: Pan Books, published 1957, page 45:"", ""text"": ""The line went dead. His eyes bright, The Whisper took up a fistful of plugs and started talking to the town."", ""type"": ""quotation""}",KEEP SEPARATE,Distinct learner use; preserve as separate meaning.
line:noun:99cc3599809d:8f5b5a81ae11a774,131,line,noun,,WIK:wiktionary-20260901:m004.3-v1:en:d21fb3f162100e40053299d7:content:032653f8f1107678fc4633d1:1:sense,"A path through two or more points (compare ‘segment’); a continuous mark, including as made by a pen; any path, curved or straight. | An edge of a graph.",,,WIK:wiktionary-20260901:m004.3-v1:en:d21fb3f162100e40053299d7:content:9bb7dd804964cd3ff6c0d4aa:1:sense,"A path through two or more points (compare ‘segment’); a continuous mark, including as made by a pen; any path, curved or straight. | The goal line.",,"{""bold_text_offsets"": [[47, 51]], ""ref"": ""2011 October 1, Clive Lindsay, “Kilmarnock 1-2 St Johnstone”, in BBC Sport:"", ""text"": ""St Johnstone's Liam Craig had to clear off the line before Steven Anderson sent a looping header into his own net for the equaliser on 36 minutes."", ""type"": ""quotation""}",KEEP SEPARATE,Distinct learner use; preserve as separate meaning.
line:noun:99cc3599809d:93e60a98b1399c8c,132,line,noun,,WIK:wiktionary-20260901:m004.3-v1:en:d21fb3f162100e40053299d7:content:14678ac8b39456b714d67022:1:sense,"Any of an ill-defined set of units of length, varying according to the country, discipline, industry, and date of application, commonly with no indication of the intended magnitude: | One twelfth of an inch.",,"{""bold_text_offsets"": [[53, 57], [63, 67], [82, 86]], ""ref"": ""1883, Alfred Swaine Taylor, Thomas Stevenson, The principles and practice of medical jurisprudence:"", ""text"": ""The cut is measured in thickness from a quarter of a line to a line and a half (a line is one-twelfth of an inch)."", ""type"": ""quotation""}",WIK:wiktionary-20260901:m004.3-v1:en:d21fb3f162100e40053299d7:content:2768d7d7b69766d20723961c:1:sense,"Any of an ill-defined set of units of length, varying according to the country, discipline, industry, and date of application, commonly with no indication of the intended magnitude: | One sixteenth of an inch.",,,MERGE,Same learner meaning: historical unit 'line'; numeric magnitude varies by system/context.
line:noun:99cc3599809d:946e2bc95271597d,133,line,noun,,"WIK:wiktionary-20260901:m004.3-v1:en:d21fb3f162100e40053299d7:['en:queue, especially for waiting']:13fff91554954bc90b2f878b:1:sense","A more-or-less straight sequence of people, objects, etc., either arranged as a queue or column and often waiting to be processed or dealt with, or arranged abreast of one another in a row (and contrasted with a column), as in a military formation. | Ellipsis of line of battle.",abbreviation;alt-of;ellipsis,,"WIK:wiktionary-20260901:m004.3-v1:en:d21fb3f162100e40053299d7:['en:queue, especially for waiting']:bd30ff0a7dce590b6bd955ed:1:sense","A more-or-less straight sequence of people, objects, etc., either arranged as a queue or column and often waiting to be processed or dealt with, or arranged abreast of one another in a row (and contrasted with a column), as in a military formation.",,"{""bold_text_offsets"": [[7, 11]], ""tags"": [""collocation""], ""text"": ""get in line"", ""type"": ""example""} | {""bold_text_offsets"": [[4, 8]], ""text"": ""The line forms on the right."", ""type"": ""example""} | {""bold_text_offsets"": [[11, 15]], ""text"": ""There is a line of houses."", ""type"": ""example""} | {""bold_text_offsets"": [[93, 97]], ""ref"": ""1817, Percy Shelley, The Revolt of Islam:"", ""text"": ""A band of brothers gathering round me, made, / Although unarmed, a steadfast front[…]now the line / Of war extended, to our rallying cry / As myriads flocked in love and brotherhood to die."", ""type"": ""quotation""}",MERGE,Same learner concept: a row/formation; 'line of battle' is a military contextual application.
line:noun:99cc3599809d:9a1963a87a7ae920,134,line,noun,,WIK:wiktionary-20260901:m004.3-v1:en:d21fb3f162100e40053299d7:content:032653f8f1107678fc4633d1:1:sense,"A path through two or more points (compare ‘segment’); a continuous mark, including as made by a pen; any path, curved or straight. | An edge of a graph.",,,WIK:wiktionary-20260901:m004.3-v1:en:d21fb3f162100e40053299d7:content:4be2ab06dc0c1c580264f583:1:sense,"A path through two or more points (compare ‘segment’); a continuous mark, including as made by a pen; any path, curved or straight. | The equator.",,,KEEP SEPARATE,Distinct learner use; preserve as separate meaning.
line:noun:99cc3599809d:a255f4c9cce06842,135,line,noun,,WIK:wiktionary-20260901:m004.3-v1:en:d21fb3f162100e40053299d7:content:0edf63ac51c38a8f8fc1894c:1:sense,"A path through two or more points (compare ‘segment’); a continuous mark, including as made by a pen; any path, curved or straight.",,"{""bold_text_offsets"": [[32, 36]], ""text"": ""The arrow descended in a curved line."", ""type"": ""example""}",WIK:wiktionary-20260901:m004.3-v1:en:d21fb3f162100e40053299d7:content:9bb7dd804964cd3ff6c0d4aa:1:sense,"A path through two or more points (compare ‘segment’); a continuous mark, including as made by a pen; any path, curved or straight. | The goal line.",,"{""bold_text_offsets"": [[47, 51]], ""ref"": ""2011 October 1, Clive Lindsay, “Kilmarnock 1-2 St Johnstone”, in BBC Sport:"", ""text"": ""St Johnstone's Liam Craig had to clear off the line before Steven Anderson sent a looping header into his own net for the equaliser on 36 minutes."", ""type"": ""quotation""}",MERGE,Same learner meaning: a marked line/path; goal line is a contextual application.
line:noun:99cc3599809d:b90f52ed0d43afde,136,line,noun,,WIK:wiktionary-20260901:m004.3-v1:en:d21fb3f162100e40053299d7:content:2768d7d7b69766d20723961c:1:sense,"Any of an ill-defined set of units of length, varying according to the country, discipline, industry, and date of application, commonly with no indication of the intended magnitude: | One sixteenth of an inch.",,,WIK:wiktionary-20260901:m004.3-v1:en:d21fb3f162100e40053299d7:content:6abd5ac6d246117667e05da8:1:sense,"Any of an ill-defined set of units of length, varying according to the country, discipline, industry, and date of application, commonly with no indication of the intended magnitude: | One fortieth of an inch.",,"{""bold_text_offsets"": [[75, 79], [172, 176], [180, 184], [242, 246]], ""ref"": ""1922, “Statement of James Turner, Representing Universal Button Fastening Co., Detriot, Mich.”, in Hearings Before the Committee on Finance, United States Senate, page 5337:"", ""text"": ""In case any of the committee do not understand what is meant by a rate per line, I may say that buttons, being very small, are not measured by the foot or inch, but by the line, a line being one-fortieth of an inch. For example, that is a 27-line button[…]."", ""type"": ""quotation""}",MERGE,Same learner meaning: historical unit 'line'; numeric magnitude varies by system/context.
line:noun:99cc3599809d:b99d3e3e7d6f1720,137,line,noun,,WIK:wiktionary-20260901:m004.3-v1:en:d21fb3f162100e40053299d7:content:14678ac8b39456b714d67022:1:sense,"Any of an ill-defined set of units of length, varying according to the country, discipline, industry, and date of application, commonly with no indication of the intended magnitude: | One twelfth of an inch.",,"{""bold_text_offsets"": [[53, 57], [63, 67], [82, 86]], ""ref"": ""1883, Alfred Swaine Taylor, Thomas Stevenson, The principles and practice of medical jurisprudence:"", ""text"": ""The cut is measured in thickness from a quarter of a line to a line and a half (a line is one-twelfth of an inch)."", ""type"": ""quotation""}",WIK:wiktionary-20260901:m004.3-v1:en:d21fb3f162100e40053299d7:content:9c06c6c5b1ba882843d4aa70:1:sense,"Any of an ill-defined set of units of length, varying according to the country, discipline, industry, and date of application, commonly with no indication of the intended magnitude",,"{""ref"": ""1847, Sir Erasmus Wilson, On Diseases of the Skin. Second edition:"", ""text"": ""Withof estimates that the hair of the beard grows one line (French) in the course of a week, let us call it one line and a half (Engish); this would amount to six inches and a half yearly..."", ""type"": ""quotation""}",MERGE,Same learner meaning: historical unit 'line'; the specific magnitude is one contextual value.
line:noun:99cc3599809d:c638f4772e5abab5,138,line,noun,,WIK:wiktionary-20260901:m004.3-v1:en:d21fb3f162100e40053299d7:content:69481b6248abc351dd0cea2b:1:sense,"A set of positions in a team which play in a similar position on the field; in a traditional team, consisting of three players and acting as one of six such sets in the team.",,,WIK:wiktionary-20260901:m004.3-v1:en:d21fb3f162100e40053299d7:content:d1a66372d3dd0f8a0000041b:1:sense,"That which was measured by a line, such as a field or any piece of land set apart; hence, allotted place of abode.",,"{""bold_text_offsets"": [[4, 9]], ""ref"": ""1611, The Holy Bible, […] (King James Version), London: […] Robert Barker, […], →OCLC, Psalms 16:6:"", ""text"": ""The lines are fallen unto me in pleasant places; yea, I have a goodly heritage."", ""type"": ""quotation""}",KEEP SEPARATE,Distinct learner use; preserve as separate meaning.
line:noun:99cc3599809d:cda4cfb64d2437aa,139,line,noun,,WIK:wiktionary-20260901:m004.3-v1:en:d21fb3f162100e40053299d7:content:6abd5ac6d246117667e05da8:1:sense,"Any of an ill-defined set of units of length, varying according to the country, discipline, industry, and date of application, commonly with no indication of the intended magnitude: | One fortieth of an inch.",,"{""bold_text_offsets"": [[75, 79], [172, 176], [180, 184], [242, 246]], ""ref"": ""1922, “Statement of James Turner, Representing Universal Button Fastening Co., Detriot, Mich.”, in Hearings Before the Committee on Finance, United States Senate, page 5337:"", ""text"": ""In case any of the committee do not understand what is meant by a rate per line, I may say that buttons, being very small, are not measured by the foot or inch, but by the line, a line being one-fortieth of an inch. For example, that is a 27-line button[…]."", ""type"": ""quotation""}",WIK:wiktionary-20260901:m004.3-v1:en:d21fb3f162100e40053299d7:content:9c06c6c5b1ba882843d4aa70:1:sense,"Any of an ill-defined set of units of length, varying according to the country, discipline, industry, and date of application, commonly with no indication of the intended magnitude",,"{""ref"": ""1847, Sir Erasmus Wilson, On Diseases of the Skin. Second edition:"", ""text"": ""Withof estimates that the hair of the beard grows one line (French) in the course of a week, let us call it one line and a half (Engish); this would amount to six inches and a half yearly..."", ""type"": ""quotation""}",MERGE,Same learner meaning: historical unit 'line'; the specific magnitude is one contextual value.
line:noun:99cc3599809d:dab9f2f527d31f1c,140,line,noun,,WIK:wiktionary-20260901:m004.3-v1:en:d21fb3f162100e40053299d7:content:0edf63ac51c38a8f8fc1894c:1:sense,"A path through two or more points (compare ‘segment’); a continuous mark, including as made by a pen; any path, curved or straight.",,"{""bold_text_offsets"": [[32, 36]], ""text"": ""The arrow descended in a curved line."", ""type"": ""example""}",WIK:wiktionary-20260901:m004.3-v1:en:d21fb3f162100e40053299d7:content:4be2ab06dc0c1c580264f583:1:sense,"A path through two or more points (compare ‘segment’); a continuous mark, including as made by a pen; any path, curved or straight. | The equator.",,,MERGE,Same learner meaning: a line/path; the equator is a geographic application.
line:noun:99cc3599809d:f4cf795d9732cef7,141,line,noun,,WIK:wiktionary-20260901:m004.3-v1:en:d21fb3f162100e40053299d7:content:4be2ab06dc0c1c580264f583:1:sense,"A path through two or more points (compare ‘segment’); a continuous mark, including as made by a pen; any path, curved or straight. | The equator.",,,WIK:wiktionary-20260901:m004.3-v1:en:d21fb3f162100e40053299d7:content:9bb7dd804964cd3ff6c0d4aa:1:sense,"A path through two or more points (compare ‘segment’); a continuous mark, including as made by a pen; any path, curved or straight. | The goal line.",,"{""bold_text_offsets"": [[47, 51]], ""ref"": ""2011 October 1, Clive Lindsay, “Kilmarnock 1-2 St Johnstone”, in BBC Sport:"", ""text"": ""St Johnstone's Liam Craig had to clear off the line before Steven Anderson sent a looping header into his own net for the equaliser on 36 minutes."", ""type"": ""quotation""}",KEEP SEPARATE,Distinct learner use; preserve as separate meaning.
match:noun:82cbf6662d52:1c89dbe44737a763,142,match,noun,,WIK:wiktionary-20260901:m004.3-v1:en:8429e3db566a7bd8f5f12cd0:content:5b5c3129a44433dbd53bc48a:1:sense,A pair of items or entities with mutually suitable characteristics. | A marriage. | A candidate for matrimony; one to be gained in marriage.,,"{""bold_text_offsets"": [[39, 44]], ""ref"": ""1702–1704, Edward [Hyde, 1st] Earl of Clarendon, (please specify |book=I to XVI), in The History of the Rebellion and Civil Wars in England, Begun in the Year 1641. […], Oxford, Oxfordshire: Printed at the [Sheldonian] Theater:"", ""text"": ""She […] was looked upon as the richest match of the West."", ""type"": ""quotation""}",WIK:wiktionary-20260901:m004.3-v1:en:8429e3db566a7bd8f5f12cd0:content:a82ffef964c4ec7c962ad30e:1:sense,A pair of items or entities with mutually suitable characteristics. | A marriage.,,,KEEP SEPARATE,Distinct learner use; preserve as separate meaning.
match:noun:82cbf6662d52:416c98d68dd65121,143,match,noun,,WIK:wiktionary-20260901:m004.3-v1:en:8429e3db566a7bd8f5f12cd0:content:999118c69c4daaa14ce4628f:1:sense,A pair of items or entities with mutually suitable characteristics.,,"{""bold_text_offsets"": [[30, 35]], ""text"": ""The carpet and curtains are a match."", ""type"": ""example""} | {""bold_text_offsets"": [[2, 7]], ""text"": ""a match made in heaven"", ""type"": ""example""}",WIK:wiktionary-20260901:m004.3-v1:en:8429e3db566a7bd8f5f12cd0:content:a82ffef964c4ec7c962ad30e:1:sense,A pair of items or entities with mutually suitable characteristics. | A marriage.,,,MERGE,Same learner concept: a suitable pairing/match; marriage is a conventional contextual application.
match:noun:82cbf6662d52:72188077c5a875c7,144,match,noun,,WIK:wiktionary-20260901:m004.3-v1:en:8429e3db566a7bd8f5f12cd0:content:88e93ca639fc4254ee3be13f:1:sense,A pair of items or entities with mutually suitable characteristics. | An agreement or compact.,,"{""bold_text_offsets"": [[19, 24]], ""ref"": ""c. 1602 (date written), William Shakespeare, “The Tragedie of Troylus and Cressida”, in Mr. William Shakespeares Comedies, Histories, & Tragedies […] (First Folio), London: […] Isaac Iaggard, and Ed[ward] Blount, published 1623, →OCLC, [Act IV, scene v]:"", ""text"": ""Thy hand upon that match."", ""type"": ""quotation""} | {""bold_text_offsets"": [[87, 94]], ""english"": ""Seraphick Love"", ""ref"": ""1648 August 16 (date written; Gregorian calendar), Robert Boyle, Some Motives and Incentives to the Love of God. […] [Seraphick Love], London: […] Henry Herringman, […], published 1659, →OCLC, page 6:"", ""text"": ""[I]t hath been obſerv'd, that Love doth ſeldome ſuffer it ſelf to be confin'd by other matches, then thoſe of its ovvne making."", ""translation"": ""Seraphick Love"", ""type"": ""quotation""}",WIK:wiktionary-20260901:m004.3-v1:en:8429e3db566a7bd8f5f12cd0:content:999118c69c4daaa14ce4628f:1:sense,A pair of items or entities with mutually suitable characteristics.,,"{""bold_text_offsets"": [[30, 35]], ""text"": ""The carpet and curtains are a match."", ""type"": ""example""} | {""bold_text_offsets"": [[2, 7]], ""text"": ""a match made in heaven"", ""type"": ""example""}",KEEP SEPARATE,Distinct learner use; preserve as separate meaning.
point:noun:31eb8cea93cc:0098e1b5cbd8ac44,145,point,noun,,WIK:wiktionary-20260901:m004.3-v1:en:562e0774ce9fc59536009ab8:content:737a5b17dee637c0fbe762a1:1:sense,A small discrete division or individual feature of something. | An electric power socket.,UK;countable;uncountable,,WIK:wiktionary-20260901:m004.3-v1:en:562e0774ce9fc59536009ab8:content:afb2765b39ded5ed36ae3907:1:sense,A small discrete division or individual feature of something. | A unit used to express differences in prices of stocks and shares.,countable;uncountable,,KEEP SEPARATE,Distinct learner use; preserve as separate meaning.
point:noun:31eb8cea93cc:02409d3b49e2b275,146,point,noun,,WIK:wiktionary-20260901:m004.3-v1:en:562e0774ce9fc59536009ab8:['en:fur']:ee67c6375dcf01d1945b576b:1:sense,"A small discrete division or individual feature of something. | An area of contrasting colour on an animal, especially a dog; a marking.",countable;plural-normally;uncountable,"{""bold_text_offsets"": [[4, 9]], ""text"": ""The point color of that cat was a deep, rich sable."", ""type"": ""example""}",WIK:wiktionary-20260901:m004.3-v1:en:562e0774ce9fc59536009ab8:content:737a5b17dee637c0fbe762a1:1:sense,A small discrete division or individual feature of something. | An electric power socket.,UK;countable;uncountable,,KEEP SEPARATE,Distinct learner use; preserve as separate meaning.
point:noun:31eb8cea93cc:1485c5b63eb756d9,147,point,noun,,WIK:wiktionary-20260901:m004.3-v1:en:562e0774ce9fc59536009ab8:['en:fur']:ee67c6375dcf01d1945b576b:1:sense,"A small discrete division or individual feature of something. | An area of contrasting colour on an animal, especially a dog; a marking.",countable;plural-normally;uncountable,"{""bold_text_offsets"": [[4, 9]], ""text"": ""The point color of that cat was a deep, rich sable."", ""type"": ""example""}",WIK:wiktionary-20260901:m004.3-v1:en:562e0774ce9fc59536009ab8:content:3d952ce849c7d7cc3db975d8:1:sense,A small discrete division or individual feature of something. | A tenth; formerly also a twelfth.,countable;uncountable,"{""bold_text_offsets"": [[19, 25]], ""text"": ""Possession is nine points of the law."", ""type"": ""example""}",KEEP SEPARATE,Distinct learner use; preserve as separate meaning.
point:noun:31eb8cea93cc:1c68acaee090db48,148,point,noun,,WIK:wiktionary-20260901:m004.3-v1:en:562e0774ce9fc59536009ab8:content:2bda4fa8b38b91fb70a70e97:1:sense,A small discrete division or individual feature of something. | Ellipsis of percentage point.,abbreviation;alt-of;countable;ellipsis;uncountable,"{""bold_text_offsets"": [[72, 78], [219, 225]], ""ref"": ""2013, Louise Levison, Filmmakers and Financing: Business Plans for Independents, page 67:"", ""text"": ""We have yet to touch on the idea of stars and directors receiving gross points, which is a percentage of the studio's gross dollar (e.g., the $5.00 studio share of the total box office dollar in Table 4.1). Even if the points are paid on \""first dollar,\"" the reference is only to studio share."", ""type"": ""quotation""}",WIK:wiktionary-20260901:m004.3-v1:en:562e0774ce9fc59536009ab8:content:737a5b17dee637c0fbe762a1:1:sense,A small discrete division or individual feature of something. | An electric power socket.,UK;countable;uncountable,,KEEP SEPARATE,Distinct learner use; preserve as separate meaning.
point:noun:31eb8cea93cc:22bc8f3bd83d5465,149,point,noun,,WIK:wiktionary-20260901:m004.3-v1:en:562e0774ce9fc59536009ab8:content:288836c902f67b89b9838940:1:sense,A sharp extremity. | An object which has a sharp or tapering tip.,countable;uncountable,"{""bold_text_offsets"": [[33, 39]], ""text"": ""His cowboy belt was studded with points."", ""type"": ""example""}",WIK:wiktionary-20260901:m004.3-v1:en:562e0774ce9fc59536009ab8:content:9f862401956e36a45eb596c7:1:sense,A sharp extremity. | The sharp tip of an object.,countable;uncountable,"{""bold_text_offsets"": [[22, 27]], ""text"": ""Cut the skin with the point of the knife."", ""type"": ""example""} | {""bold_text_offsets"": [[41, 48]], ""ref"": ""c. 1587–1588 (date written), [Christopher Marlowe], Tamburlaine the Great. […] The First Part […], 2nd edition, part 1, London: […] [R. Robinson for] Richard Iones, […], published 1592, →OCLC; reprinted as Tamburlaine the Great (A Scolar Press Facsimile), Menston, Yorkshire; London: Scolar Press, 1973, →ISBN, Act III, scene iii:"", ""text"": ""Leaue words & let them feele your lances pointes"", ""type"": ""quotation""}",MERGE,Near-paraphrase: a sharp/tapering tip or extremity.
point:noun:31eb8cea93cc:23766ba414e20f04,150,point,noun,,WIK:wiktionary-20260901:m004.3-v1:en:562e0774ce9fc59536009ab8:['en:fur']:ee67c6375dcf01d1945b576b:1:sense,"A small discrete division or individual feature of something. | An area of contrasting colour on an animal, especially a dog; a marking.",countable;plural-normally;uncountable,"{""bold_text_offsets"": [[4, 9]], ""text"": ""The point color of that cat was a deep, rich sable."", ""type"": ""example""}",WIK:wiktionary-20260901:m004.3-v1:en:562e0774ce9fc59536009ab8:content:2bda4fa8b38b91fb70a70e97:1:sense,A small discrete division or individual feature of something. | Ellipsis of percentage point.,abbreviation;alt-of;countable;ellipsis;uncountable,"{""bold_text_offsets"": [[72, 78], [219, 225]], ""ref"": ""2013, Louise Levison, Filmmakers and Financing: Business Plans for Independents, page 67:"", ""text"": ""We have yet to touch on the idea of stars and directors receiving gross points, which is a percentage of the studio's gross dollar (e.g., the $5.00 studio share of the total box office dollar in Table 4.1). Even if the points are paid on \""first dollar,\"" the reference is only to studio share."", ""type"": ""quotation""}",KEEP SEPARATE,Distinct learner use; preserve as separate meaning.
point:noun:31eb8cea93cc:45c4020c48cd1c30,151,point,noun,,WIK:wiktionary-20260901:m004.3-v1:en:562e0774ce9fc59536009ab8:content:2bda4fa8b38b91fb70a70e97:1:sense,A small discrete division or individual feature of something. | Ellipsis of percentage point.,abbreviation;alt-of;countable;ellipsis;uncountable,"{""bold_text_offsets"": [[72, 78], [219, 225]], ""ref"": ""2013, Louise Levison, Filmmakers and Financing: Business Plans for Independents, page 67:"", ""text"": ""We have yet to touch on the idea of stars and directors receiving gross points, which is a percentage of the studio's gross dollar (e.g., the $5.00 studio share of the total box office dollar in Table 4.1). Even if the points are paid on \""first dollar,\"" the reference is only to studio share."", ""type"": ""quotation""}",WIK:wiktionary-20260901:m004.3-v1:en:562e0774ce9fc59536009ab8:content:3d952ce849c7d7cc3db975d8:1:sense,A small discrete division or individual feature of something. | A tenth; formerly also a twelfth.,countable;uncountable,"{""bold_text_offsets"": [[19, 25]], ""text"": ""Possession is nine points of the law."", ""type"": ""example""}",KEEP SEPARATE,Distinct learner use; preserve as separate meaning.
point:noun:31eb8cea93cc:5432b1afc66a9134,152,point,noun,,WIK:wiktionary-20260901:m004.3-v1:en:562e0774ce9fc59536009ab8:['en:unit of scoring']:3bc139e46454b86454bb8c70:1:sense,A small discrete division or individual feature of something. | A unit of scoring in a game or competition.,countable;uncountable,"{""bold_text_offsets"": [[22, 28]], ""text"": ""The one with the most points will win the game."", ""type"": ""example""}",WIK:wiktionary-20260901:m004.3-v1:en:562e0774ce9fc59536009ab8:content:2bda4fa8b38b91fb70a70e97:1:sense,A small discrete division or individual feature of something. | Ellipsis of percentage point.,abbreviation;alt-of;countable;ellipsis;uncountable,"{""bold_text_offsets"": [[72, 78], [219, 225]], ""ref"": ""2013, Louise Levison, Filmmakers and Financing: Business Plans for Independents, page 67:"", ""text"": ""We have yet to touch on the idea of stars and directors receiving gross points, which is a percentage of the studio's gross dollar (e.g., the $5.00 studio share of the total box office dollar in Table 4.1). Even if the points are paid on \""first dollar,\"" the reference is only to studio share."", ""type"": ""quotation""}",KEEP SEPARATE,Distinct learner use; preserve as separate meaning.
point:noun:31eb8cea93cc:67114c420aa7b521,153,point,noun,,WIK:wiktionary-20260901:m004.3-v1:en:562e0774ce9fc59536009ab8:content:737a5b17dee637c0fbe762a1:1:sense,A small discrete division or individual feature of something. | An electric power socket.,UK;countable;uncountable,,WIK:wiktionary-20260901:m004.3-v1:en:562e0774ce9fc59536009ab8:content:c96a824405aed3a19d721bff:1:sense,"A small discrete division or individual feature of something. | A unit of measure for rain, equal to 0.254 mm or 0.01 of an inch.",UK;countable;uncountable,,KEEP SEPARATE,Distinct learner use; preserve as separate meaning.
point:noun:31eb8cea93cc:752501ebdc3b692e,154,point,noun,,WIK:wiktionary-20260901:m004.3-v1:en:562e0774ce9fc59536009ab8:content:3d952ce849c7d7cc3db975d8:1:sense,A small discrete division or individual feature of something. | A tenth; formerly also a twelfth.,countable;uncountable,"{""bold_text_offsets"": [[19, 25]], ""text"": ""Possession is nine points of the law."", ""type"": ""example""}",WIK:wiktionary-20260901:m004.3-v1:en:562e0774ce9fc59536009ab8:content:b1bd0103edbee0a5fa02c3bd:1:sense,A small discrete division or individual feature of something. | A distinguishing quality or characteristic.,countable;uncountable,"{""bold_text_offsets"": [[22, 27]], ""text"": ""Logic isn't my strong point."", ""type"": ""example""}",KEEP SEPARATE,Distinct learner use; preserve as separate meaning.
point:noun:31eb8cea93cc:7811ccf37f9fd59a,155,point,noun,,"WIK:wiktionary-20260901:m004.3-v1:en:562e0774ce9fc59536009ab8:['en:focus of attention, main idea']:0c7b502f5016feb2bc69cd6d:1:sense",A small discrete division or individual feature of something. | A focus of conversation or consideration; the main idea.,countable;uncountable,"{""bold_text_offsets"": [[4, 9]], ""text"": ""The point is that we should stay together, whatever happens."", ""type"": ""example""}",WIK:wiktionary-20260901:m004.3-v1:en:562e0774ce9fc59536009ab8:content:3d952ce849c7d7cc3db975d8:1:sense,A small discrete division or individual feature of something. | A tenth; formerly also a twelfth.,countable;uncountable,"{""bold_text_offsets"": [[19, 25]], ""text"": ""Possession is nine points of the law."", ""type"": ""example""}",KEEP SEPARATE,Distinct learner use; preserve as separate meaning.
point:noun:31eb8cea93cc:936b5ed03a7c354f,156,point,noun,,WIK:wiktionary-20260901:m004.3-v1:en:562e0774ce9fc59536009ab8:['en:fur']:ee67c6375dcf01d1945b576b:1:sense,"A small discrete division or individual feature of something. | An area of contrasting colour on an animal, especially a dog; a marking.",countable;plural-normally;uncountable,"{""bold_text_offsets"": [[4, 9]], ""text"": ""The point color of that cat was a deep, rich sable."", ""type"": ""example""}",WIK:wiktionary-20260901:m004.3-v1:en:562e0774ce9fc59536009ab8:['en:unit of scoring']:3bc139e46454b86454bb8c70:1:sense,A small discrete division or individual feature of something. | A unit of scoring in a game or competition.,countable;uncountable,"{""bold_text_offsets"": [[22, 28]], ""text"": ""The one with the most points will win the game."", ""type"": ""example""}",KEEP SEPARATE,Distinct learner use; preserve as separate meaning.
point:noun:31eb8cea93cc:98b8e9a8f9fac3d7,157,point,noun,,WIK:wiktionary-20260901:m004.3-v1:en:562e0774ce9fc59536009ab8:content:083dd9b7021840428cfcfc6e:1:sense,A sharp extremity. | The position at the front or vanguard of an advancing force.,countable;uncountable,"{""bold_text_offsets"": [[136, 141]], ""ref"": ""2004, Martin Torgoff, “Next Stop is Vietnam”, in Can’t Find My Way Home: America in the Great Stoned Age, 1945–2000, New York, N.Y.: Simon & Schuster, →ISBN, page 189:"", ""text"": ""Willie Jones decided to become Kimani Jones, Black Panther, on the day his best friend, Otis Nicholson, stepped on a mine while walking point during a sweep in the central highlands."", ""type"": ""quotation""}",WIK:wiktionary-20260901:m004.3-v1:en:562e0774ce9fc59536009ab8:content:aa0651bac8daee47db69cc01:1:sense,A sharp extremity. | The position at the front or vanguard of an advancing force. | Ellipsis of point man.,abbreviation;alt-of;countable;ellipsis;uncountable,,KEEP SEPARATE,Distinct learner use; preserve as separate meaning.
point:noun:31eb8cea93cc:a18e23d4668d5951,158,point,noun,,WIK:wiktionary-20260901:m004.3-v1:en:562e0774ce9fc59536009ab8:content:3d952ce849c7d7cc3db975d8:1:sense,A small discrete division or individual feature of something. | A tenth; formerly also a twelfth.,countable;uncountable,"{""bold_text_offsets"": [[19, 25]], ""text"": ""Possession is nine points of the law."", ""type"": ""example""}",WIK:wiktionary-20260901:m004.3-v1:en:562e0774ce9fc59536009ab8:content:737a5b17dee637c0fbe762a1:1:sense,A small discrete division or individual feature of something. | An electric power socket.,UK;countable;uncountable,,KEEP SEPARATE,Distinct learner use; preserve as separate meaning.
point:noun:31eb8cea93cc:b769f13fcda22bf3,159,point,noun,,WIK:wiktionary-20260901:m004.3-v1:en:562e0774ce9fc59536009ab8:['en:unit of scoring']:3bc139e46454b86454bb8c70:1:sense,A small discrete division or individual feature of something. | A unit of scoring in a game or competition.,countable;uncountable,"{""bold_text_offsets"": [[22, 28]], ""text"": ""The one with the most points will win the game."", ""type"": ""example""}",WIK:wiktionary-20260901:m004.3-v1:en:562e0774ce9fc59536009ab8:content:737a5b17dee637c0fbe762a1:1:sense,A small discrete division or individual feature of something. | An electric power socket.,UK;countable;uncountable,,KEEP SEPARATE,Distinct learner use; preserve as separate meaning.
point:noun:31eb8cea93cc:c32cd8594fb6ae65,160,point,noun,,WIK:wiktionary-20260901:m004.3-v1:en:562e0774ce9fc59536009ab8:content:737a5b17dee637c0fbe762a1:1:sense,A small discrete division or individual feature of something. | An electric power socket.,UK;countable;uncountable,,WIK:wiktionary-20260901:m004.3-v1:en:562e0774ce9fc59536009ab8:content:b1bd0103edbee0a5fa02c3bd:1:sense,A small discrete division or individual feature of something. | A distinguishing quality or characteristic.,countable;uncountable,"{""bold_text_offsets"": [[22, 27]], ""text"": ""Logic isn't my strong point."", ""type"": ""example""}",KEEP SEPARATE,Distinct learner use; preserve as separate meaning.
point:noun:31eb8cea93cc:ecbca3e386bca6af,161,point,noun,,WIK:wiktionary-20260901:m004.3-v1:en:562e0774ce9fc59536009ab8:content:737a5b17dee637c0fbe762a1:1:sense,A small discrete division or individual feature of something. | An electric power socket.,UK;countable;uncountable,,WIK:wiktionary-20260901:m004.3-v1:en:562e0774ce9fc59536009ab8:content:f12e6b637b4467fbafdd7886:1:sense,A small discrete division or individual feature of something. | A topic of discussion or debate; a proposition; a count.,countable;uncountable,"{""bold_text_offsets"": [[11, 16]], ""text"": ""I made the point that we all had an interest to protect."", ""type"": ""example""}",KEEP SEPARATE,Distinct learner use; preserve as separate meaning.
quark:noun:ee4e943421d9:d8e8e94dd6aaa88f,162,quark,noun,,WIK:wiktionary-20260901:m004.3-v1:en:00b369f26921f9d19030c86d:['en:Q6718']:6381bd9628423c18a26f4728:1:sense,"In the Standard Model, one of a number of elementary subatomic particles having fractional electric charge that forms matter. They are theorized not to exist in isolation, but only in combinations in hadrons such as neutrons and protons or in quark–gluon plasmas.",particle,"{""ref"": ""1964 February 1, M[urray] Gell-Mann, “A Schematic Model of Baryons and Mesons”, in Physics Letters, volume 8, number 3, Amsterdam, North Holland: North-Holland Publishing Company, →DOI, →ISSN, →OCLC, archived from the original on 23 Jun 2022, page 214, column 2:"", ""text"": ""A simpler and more elegant scheme can be constructed if we allow non-integral values for the charges. We can dispense entirely with the basic baryon b if we assign to the triplet t the following properties: spin #92;frac#123;1#125;#123;2#125;, z#61;#123;-#92;frac#123;1#125;#123;3"", ""type"": ""quotation""} | {""bold_text_offsets"": [[20, 25], [20, 26], [88, 93], [99, 104], [99, 105], [355, 360], [355, 361], [466, 471], [466, 472]], ""ref"": ""2006 December, Arnuf Quadt, “Top Quark Physics at Hadron Colliders”, in The European Physical Journal C: Particles and Fields, Heidelberg, Baden-Württemberg: Springer, →DOI, →ISSN, →OCLC, page 835, column 1; republished as Douglas H. Beck, Dieter Haidt, John W[illiam] Negele, editors, Top Quark Physics at Hadron Colliders (Advances in the Physics of Particles and Nuclei; 28), Berlin; Heidelberg: Springer, 2007, →ISBN, page 1:"", ""text"": ""There are six known quarks in nature, the up, down, strange, charm, bottom, and the top quark. The quarks are arranged in three pairs or \""generations\"". Each member of a pair may be transformed into its partner via the charged-current weak interaction. Together with the six known leptons (the electron, muon, tau, and their associated neutrinos), the six quarks constitute all of the known luminous matter in the universe. The understanding of the properties of the quarks and leptons and their interactions is therefore of paramount importance."", ""type"": ""quotation""} | {""bold_text_offsets"": [[199, 204], [285, 290], [285, 291], [410, 415], [410, 416], [452, 457], [452, 458], [517, 523]], ""ref"": ""2012 March-April, Jeremy Bernstein, “A Palette of Particles”, in American Scientist, volume 100, number 2, New Haven, Conn.: Sigma Xi, the Scientific Research Society, →ISSN, →OCLC, archived from the original on 12 Apr 2023, page 146:"", ""text"": ""There were also particles no one had predicted that just appeared. Five of them are of interest to me here. In order of increasing modernity, they are the neutrino, the pi meson, the antiproton, the quark and the Higgs boson. […] It fairly rapidly became clear to physicists that free quarks were not going to be found. Making a virtue out of necessity, they invented a dynamics that would permanently confine quarks within particles. In this scenario quarks exchange particles called gluons. […] There is no escape. Quarks are imprisoned forever."", ""type"": ""quotation""}",WIK:wiktionary-20260901:m004.3-v1:en:00b369f26921f9d19030c86d:content:fa5fac23da5a0866af37c6a1:1:sense,An integer that uniquely identifies a text string.,broadly,"{""bold_text_offsets"": [[58, 63], [58, 64], [127, 132]], ""ref"": ""1992, Keith D. Gregory, “Resources Revisited”, in Programming with Motif, New York, N.Y.: Springer-Verlag New York, →DOI, →ISBN, page 453:"", ""text"": ""Two functions are provided to convert between strings and quarks: XrmStringToQuark and XrmQuarkToString […] The second takes a quark as its parameter and returns a pointer to its associated string; it is used primarily for debugging and runtime error messages."", ""type"": ""quotation""}",KEEP SEPARATE,Distinct learner use; preserve as separate meaning.
run:verb:06a782f26410:7316085bf4eda64e,163,run,verb,,WIK:wiktionary-20260901:m004.3-v1:en:26a8a310003ffafd42ff4c70:content:4243116a2a66cd357801a211:1:sense,"To extend or persist, statically or dynamically, through space or time. | To make a machine operate.",transitive,"{""bold_text_offsets"": [[19, 22]], ""text"": ""It's full. You can run the dishwasher now."", ""type"": ""example""} | {""bold_text_offsets"": [[6, 9]], ""text"": ""Don't run the engine so fast."", ""type"": ""example""}",WIK:wiktionary-20260901:m004.3-v1:en:26a8a310003ffafd42ff4c70:content:d838c6134e17a06c14e19376:1:sense,"To extend or persist, statically or dynamically, through space or time. | To make (something) extend in space.",transitive,"{""bold_text_offsets"": [[10, 13]], ""text"": ""I need to run this wire along the wall."", ""type"": ""example""}",KEEP SEPARATE,Distinct learner use; preserve as separate meaning.
run:verb:06a782f26410:f7d9384fd1a1a753,164,run,verb,,WIK:wiktionary-20260901:m004.3-v1:en:26a8a310003ffafd42ff4c70:content:875ee87037b1f37583ff6032:1:sense,"To extend or persist, statically or dynamically, through space or time. | To extend in time, to last, to continue (usually with a measure phrase).",intransitive,"{""bold_text_offsets"": [[14, 17]], ""text"": ""The sale will run for ten days."", ""type"": ""example""} | {""bold_text_offsets"": [[13, 17]], ""text"": ""The contract runs through 2008."", ""type"": ""example""} | {""bold_text_offsets"": [[12, 15]], ""text"": ""The meeting ran late."", ""type"": ""example""} | {""bold_text_offsets"": [[9, 13]], ""text"": ""The book runs 655 pages."", ""type"": ""example""} | {""bold_text_offsets"": [[11, 15]], ""text"": ""The speech runs as follows: …"", ""type"": ""example""}",WIK:wiktionary-20260901:m004.3-v1:en:26a8a310003ffafd42ff4c70:content:b3c4ad00023c1da79b19f060:1:sense,"To extend or persist, statically or dynamically, through space or time. | To extend in space or through a range (often with a measure phrase).",intransitive,"{""bold_text_offsets"": [[11, 15]], ""text"": ""The border runs for 3000 miles."", ""type"": ""example""} | {""bold_text_offsets"": [[10, 14]], ""text"": ""The leash runs along a wire."", ""type"": ""example""} | {""bold_text_offsets"": [[22, 26]], ""text"": ""The grain of the wood runs to the right on this table."", ""type"": ""example""} | {""bold_text_offsets"": [[3, 6]], ""text"": ""It ran in quality from excellent to substandard."", ""type"": ""example""}",KEEP SEPARATE,Distinct learner use; preserve as separate meaning.
runner:noun:e5c96ab19ba1:02afb297faaa0d37,165,runner,noun,,WIK:wiktionary-20260901:m004.3-v1:en:5544b485993ca4950443cb42:content:2a039fb7282d24ce3b96c40a:1:sense,Agent noun of run; one who runs. | A baserunner.,,"{""bold_text_offsets"": [[4, 10]], ""text"": ""The runner was out at second."", ""type"": ""example""}",WIK:wiktionary-20260901:m004.3-v1:en:5544b485993ca4950443cb42:content:bfe19cb421b10ebfd2bd6701:1:sense,Agent noun of run; one who runs. | An assistant.,,,KEEP SEPARATE,Distinct learner use; preserve as separate meaning.
runner:noun:e5c96ab19ba1:09ae62f5dc69ff80,166,runner,noun,,WIK:wiktionary-20260901:m004.3-v1:en:5544b485993ca4950443cb42:['en:mechanical part']:00231d191b2718180bb76a6a:1:sense,"A mechanical part intended to guide or aid something else to move (using wheels or sliding). | In saddlery, a loop of metal through which a rein is passed.",,,WIK:wiktionary-20260901:m004.3-v1:en:5544b485993ca4950443cb42:['en:mechanical part']:852f6ebfd6143e5e981777d4:1:sense,A mechanical part intended to guide or aid something else to move (using wheels or sliding). | The blade of an ice skate.,,,KEEP SEPARATE,Distinct learner use; preserve as separate meaning.
runner:noun:e5c96ab19ba1:7f5235af468b5365,167,runner,noun,,WIK:wiktionary-20260901:m004.3-v1:en:5544b485993ca4950443cb42:['en:mechanical part']:852f6ebfd6143e5e981777d4:1:sense,A mechanical part intended to guide or aid something else to move (using wheels or sliding). | The blade of an ice skate.,,,WIK:wiktionary-20260901:m004.3-v1:en:5544b485993ca4950443cb42:['en:mechanical part']:93905db5e5e85adca932b2cf:1:sense,"A mechanical part intended to guide or aid something else to move (using wheels or sliding). | In molding, a channel cut in a mold.",,,KEEP SEPARATE,Distinct learner use; preserve as separate meaning.
runner:noun:e5c96ab19ba1:9d846c847d89e619,168,runner,noun,,WIK:wiktionary-20260901:m004.3-v1:en:5544b485993ca4950443cb42:content:3fe9faf97f765a1c53c5cfdb:1:sense,Agent noun of run; one who runs. | Somebody who controls or manages (e.g. a system).,,"{""bold_text_offsets"": [[92, 99]], ""ref"": ""1998 June 12, Daniel Jonathan Kirk, “tipping competitions”, in aus.legal (Usenet):"", ""text"": ""[…] at least half of which would be put into the pool for the winner, the rest kept for the runners of the system to cover costs and more than likely make a fair profit."", ""type"": ""quotation""}",WIK:wiktionary-20260901:m004.3-v1:en:5544b485993ca4950443cb42:content:bfe19cb421b10ebfd2bd6701:1:sense,Agent noun of run; one who runs. | An assistant.,,,KEEP SEPARATE,Distinct learner use; preserve as separate meaning.
runner:noun:e5c96ab19ba1:defd7c8ff7871714,169,runner,noun,,WIK:wiktionary-20260901:m004.3-v1:en:5544b485993ca4950443cb42:['en:mechanical part']:852f6ebfd6143e5e981777d4:1:sense,A mechanical part intended to guide or aid something else to move (using wheels or sliding). | The blade of an ice skate.,,,WIK:wiktionary-20260901:m004.3-v1:en:5544b485993ca4950443cb42:['en:mechanical part']:abcdf1848403401e9e7ecfcd:1:sense,A mechanical part intended to guide or aid something else to move (using wheels or sliding). | The movable piece to which the ribs of an umbrella are attached.,,,KEEP SEPARATE,Distinct learner use; preserve as separate meaning.
scale:noun:69ba4527710f:85a3b7b7f438a58d,170,scale,noun,,WIK:wiktionary-20260901:m004.3-v1:en:83db7928bcbb60798278cb5c:content:6e55febd0542057b44cc6139:1:sense,A scale insect.,countable;uncountable,,WIK:wiktionary-20260901:m004.3-v1:en:83db7928bcbb60798278cb5c:content:ea772f5107628f20e818d8f3:1:sense,Scale mail (as opposed to chain mail).,countable;uncountable,,KEEP SEPARATE,Distinct learner use; preserve as separate meaning.
scale:noun:69ba4527710f:9c36bcb7084472ad,171,scale,noun,,WIK:wiktionary-20260901:m004.3-v1:en:83db7928bcbb60798278cb5c:['en:fish']:0c82cfda6b57aa4313be844e:1:sense,"Part of an overlapping arrangement of many small, flat and hard pieces of keratin covering the skin of an animal, particularly a fish or reptile.",countable;uncountable,"{""bold_text_offsets"": [[39, 45]], ""ref"": ""1667, John Milton, “Book VII”, in Paradise Lost. […], London: […] [Samuel Simmons], and are to be sold by Peter Parker […]; [a]nd by Robert Boulter […]; [a]nd Matthias Walker, […], →OCLC; republished as Paradise Lost in Ten Books: […], London: Basil Montagu Pickering […], 1873, →OCLC:"", ""text"": ""Fish that, with their fins and shining scales, / Glide under the green wave."", ""type"": ""quotation""}",WIK:wiktionary-20260901:m004.3-v1:en:83db7928bcbb60798278cb5c:content:04bdd0c7dc8c1cd80b6f0477:1:sense,"Part of an overlapping arrangement of many small, flat and hard protective layers forming a pinecone that flare when mature to release pine nut seeds.",countable;uncountable,,MERGE,Same physical learner concept: an overlapping flat protective scale; animal vs pinecone context.
scale:noun:69ba4527710f:c7c7855fddb775ea,172,scale,noun,,WIK:wiktionary-20260901:m004.3-v1:en:83db7928bcbb60798278cb5c:content:6e55febd0542057b44cc6139:1:sense,A scale insect.,countable;uncountable,,WIK:wiktionary-20260901:m004.3-v1:en:83db7928bcbb60798278cb5c:content:7a31bacce52595653ed59fc7:1:sense,"An infestation of scale insects on a plant; commonly thought of as, or mistaken for, a disease.",US;uncountable,"{""bold_text_offsets"": [[307, 312]], ""ref"": ""1935 March 7, T[homas] H. C. Taylor, “The Campaign against Aspidiotus destructor, Sign., in Fiji”, in Bulletin of Entomological Research, volume 26, Imperial Institute of Entomology, →DOI, →ISSN, →OCLC, page 96:"", ""text"": ""Although of no effect so far as the course of the small outbreak at Nacaugai is concerned it is necessary to add here that the prompt destruction of kavika trees over much of the neighbouring land on Nagasau estate was in all probability an important measure of control and responsible for the freedom from scale of Nagasau estate at the time when Mua was badly attacked."", ""type"": ""quotation""}",KEEP SEPARATE,Distinct learner use; preserve as separate meaning.
scale:noun:69ba4527710f:e1711b72ff71374e,173,scale,noun,,WIK:wiktionary-20260901:m004.3-v1:en:83db7928bcbb60798278cb5c:content:7a31bacce52595653ed59fc7:1:sense,"An infestation of scale insects on a plant; commonly thought of as, or mistaken for, a disease.",US;uncountable,"{""bold_text_offsets"": [[307, 312]], ""ref"": ""1935 March 7, T[homas] H. C. Taylor, “The Campaign against Aspidiotus destructor, Sign., in Fiji”, in Bulletin of Entomological Research, volume 26, Imperial Institute of Entomology, →DOI, →ISSN, →OCLC, page 96:"", ""text"": ""Although of no effect so far as the course of the small outbreak at Nacaugai is concerned it is necessary to add here that the prompt destruction of kavika trees over much of the neighbouring land on Nagasau estate was in all probability an important measure of control and responsible for the freedom from scale of Nagasau estate at the time when Mua was badly attacked."", ""type"": ""quotation""}",WIK:wiktionary-20260901:m004.3-v1:en:83db7928bcbb60798278cb5c:content:ea772f5107628f20e818d8f3:1:sense,Scale mail (as opposed to chain mail).,countable;uncountable,,KEEP SEPARATE,Distinct learner use; preserve as separate meaning.
seal:noun:5dc40fcb9ba7:1216c52b37c6964a,174,seal,noun,,WIK:wiktionary-20260901:m004.3-v1:en:abd0c2dbebae018e96d63b31:['en:stamp']:9dc1e3a954c379d8a5f54e76:1:sense,A stamp used to impress a design on a soft substance such as wax.,,"{""bold_text_offsets"": [[33, 37]], ""ref"": ""1609, William Shakespeare, “Sonnet 11”, in Shake-speares Sonnets. […], London: By G[eorge] Eld for T[homas] T[horpe] and are to be sold by William Aspley, →OCLC:"", ""text"": ""She [Nature] carved thee for her seal, and meant thereby\nThou shouldst print more, not let that copy die."", ""type"": ""quotation""}",WIK:wiktionary-20260901:m004.3-v1:en:abd0c2dbebae018e96d63b31:content:796d0054d1b5bc4c863c57b6:1:sense,"An impression of such stamp on wax, paper or other material used for sealing.",,,UNCERTAIN,Seal as the stamp/device versus the impression it makes. Closely linked but object-versus-result distinction may merit separate learner meanings.
set:verb:7263fa92ea58:07b613c64e86b973,175,set,verb,,WIK:wiktionary-20260901:m004.3-v1:en:05466c79dbdf86306b603b91:content:e3c5d7a96e9a8b7ba1ef96ff:1:sense,To sit (be in a seated position).,Midwestern-US;Southern-US;dialectal;intransitive,"{""bold_text_offsets"": [[3, 7]], ""text"": ""He sets in that chair all day."", ""type"": ""example""} | {""bold_text_offsets"": [[34, 37]], ""ref"": ""1913, Joseph C[rosby] Lincoln, chapter VII, in Mr. Pratt’s Patients, New York, N.Y.; London: D[aniel] Appleton and Company, →OCLC:"", ""text"": ""Old Applegate, in the stern, just set and looked at me, and Lord James, amidship, waved both arms and kept hollering for help. I took a couple of everlasting big strokes and managed to grab hold of the skiff's rail, close to the stern."", ""type"": ""quotation""} | {""bold_text_offsets"": [[103, 106]], ""ref"": ""1987, Toni Morrison, Beloved, page 227:"", ""text"": ""And if Mrs. Garner didn't need me right there in the kitchen, I could get a chair and you and me could set out there while I did the vegetables."", ""type"": ""quotation""}",WIK:wiktionary-20260901:m004.3-v1:en:05466c79dbdf86306b603b91:content:f6f8e79f76e196a12a1c068f:1:sense,"To rest or lie somewhere, on something, etc.; to occupy a certain place.",Midwestern-US;Southern-US;dialectal;intransitive,"{""bold_text_offsets"": [[112, 118]], ""ref"": ""1975, “Convoy”, in C.W. McCall, Chip Davis (lyrics), Black Bear Road, performed by C. W. McCall:"", ""text"": ""Well, we rolled up Interstate 44\nLike a rocket-sled on rails.\nWe tore up all of our swindle sheets\nAnd left 'em settin' on the scales."", ""type"": ""quotation""}",UNCERTAIN,"'Set' as sit versus rest/lie/occupy a place. Historically/semantically related, but learner usage and grammar differ."
spring:noun:4317d20f2257:1248b1bfbc5e0dc8,176,spring,noun,,WIK:wiktionary-20260901:m004.3-v1:en:0c1be4aedbd40785a02d1d57:content:2f49c81d029564207e2c29ed:1:sense,"Something which springs, springs forth, springs up, or springs back, particularly | A grove of trees; a forest.",countable;uncountable,,WIK:wiktionary-20260901:m004.3-v1:en:0c1be4aedbd40785a02d1d57:content:d7cd2c672a4a5cbc226319f5:1:sense,"Something which springs, springs forth, springs up, or springs back, particularly | A group of teal.",collective;countable;uncountable,"{""bold_text_offsets"": [[108, 114]], ""ref"": ""2013, H. Folkard, The Wildfowler - A Treatise on Fowling, Ancient and Modern, Read Books Limited:"", ""text"": ""It is sometimes the practice of the fowler to delay his performances a few days when there are only a small spring of teal; this delay frequently proves highly judicious, for when undisturbed they assemble at decoys in great numbers."", ""type"": ""quotation""} | {""bold_text_offsets"": [[29, 35]], ""ref"": ""1894, “Humber Shore-Shooting”, in Baily's Magazine of Sports Pastimes, volume 64, page 289:"", ""text"": ""A peep over the bank, and a \""spring\"" of teal are up, but only to divide into two, and I mark down the larger one into open water some hundred and fifty yards off."", ""type"": ""quotation""} | {""bold_text_offsets"": [[71, 77]], ""ref"": ""1870 February 1, “The Teal”, in John Eller Taylor, Mordecai Cubitt Cooke, editor, Hardwicke's Science-gossip, Robert Hardwicke, page 35:"", ""text"": ""Of all the prizes with which a wild-fowl shooter could wish to meet, a spring of Teal is amongst the first."", ""type"": ""quotation""}",KEEP SEPARATE,Distinct learner use; preserve as separate meaning.
spring:noun:4317d20f2257:29e340acb1409d77,177,spring,noun,,WIK:wiktionary-20260901:m004.3-v1:en:0c1be4aedbd40785a02d1d57:content:63d5e9028533d8c8f6f16a9b:1:sense,"Something which springs, springs forth, springs up, or springs back, particularly | A race, a lineage.",countable;figuratively;uncountable,,WIK:wiktionary-20260901:m004.3-v1:en:0c1be4aedbd40785a02d1d57:content:d7cd2c672a4a5cbc226319f5:1:sense,"Something which springs, springs forth, springs up, or springs back, particularly | A group of teal.",collective;countable;uncountable,"{""bold_text_offsets"": [[108, 114]], ""ref"": ""2013, H. Folkard, The Wildfowler - A Treatise on Fowling, Ancient and Modern, Read Books Limited:"", ""text"": ""It is sometimes the practice of the fowler to delay his performances a few days when there are only a small spring of teal; this delay frequently proves highly judicious, for when undisturbed they assemble at decoys in great numbers."", ""type"": ""quotation""} | {""bold_text_offsets"": [[29, 35]], ""ref"": ""1894, “Humber Shore-Shooting”, in Baily's Magazine of Sports Pastimes, volume 64, page 289:"", ""text"": ""A peep over the bank, and a \""spring\"" of teal are up, but only to divide into two, and I mark down the larger one into open water some hundred and fifty yards off."", ""type"": ""quotation""} | {""bold_text_offsets"": [[71, 77]], ""ref"": ""1870 February 1, “The Teal”, in John Eller Taylor, Mordecai Cubitt Cooke, editor, Hardwicke's Science-gossip, Robert Hardwicke, page 35:"", ""text"": ""Of all the prizes with which a wild-fowl shooter could wish to meet, a spring of Teal is amongst the first."", ""type"": ""quotation""}",KEEP SEPARATE,Distinct learner use; preserve as separate meaning.
spring:noun:4317d20f2257:3d4b8fca5b154b3e,178,spring,noun,,WIK:wiktionary-20260901:m004.3-v1:en:0c1be4aedbd40785a02d1d57:content:2f49c81d029564207e2c29ed:1:sense,"Something which springs, springs forth, springs up, or springs back, particularly | A grove of trees; a forest.",countable;uncountable,,WIK:wiktionary-20260901:m004.3-v1:en:0c1be4aedbd40785a02d1d57:content:352344daa1796b972bb3aac0:1:sense,"Something which springs, springs forth, springs up, or springs back, particularly | A youth.",countable;figuratively;uncountable,,KEEP SEPARATE,Distinct learner use; preserve as separate meaning.
spring:noun:4317d20f2257:511b90e9ee0c1c6a,179,spring,noun,,WIK:wiktionary-20260901:m004.3-v1:en:0c1be4aedbd40785a02d1d57:content:2f49c81d029564207e2c29ed:1:sense,"Something which springs, springs forth, springs up, or springs back, particularly | A grove of trees; a forest.",countable;uncountable,,WIK:wiktionary-20260901:m004.3-v1:en:0c1be4aedbd40785a02d1d57:content:63d5e9028533d8c8f6f16a9b:1:sense,"Something which springs, springs forth, springs up, or springs back, particularly | A race, a lineage.",countable;figuratively;uncountable,,KEEP SEPARATE,Distinct learner use; preserve as separate meaning.
spring:noun:4317d20f2257:db4de9aae1ef3429,180,spring,noun,,WIK:wiktionary-20260901:m004.3-v1:en:0c1be4aedbd40785a02d1d57:content:352344daa1796b972bb3aac0:1:sense,"Something which springs, springs forth, springs up, or springs back, particularly | A youth.",countable;figuratively;uncountable,,WIK:wiktionary-20260901:m004.3-v1:en:0c1be4aedbd40785a02d1d57:content:d7cd2c672a4a5cbc226319f5:1:sense,"Something which springs, springs forth, springs up, or springs back, particularly | A group of teal.",collective;countable;uncountable,"{""bold_text_offsets"": [[108, 114]], ""ref"": ""2013, H. Folkard, The Wildfowler - A Treatise on Fowling, Ancient and Modern, Read Books Limited:"", ""text"": ""It is sometimes the practice of the fowler to delay his performances a few days when there are only a small spring of teal; this delay frequently proves highly judicious, for when undisturbed they assemble at decoys in great numbers."", ""type"": ""quotation""} | {""bold_text_offsets"": [[29, 35]], ""ref"": ""1894, “Humber Shore-Shooting”, in Baily's Magazine of Sports Pastimes, volume 64, page 289:"", ""text"": ""A peep over the bank, and a \""spring\"" of teal are up, but only to divide into two, and I mark down the larger one into open water some hundred and fifty yards off."", ""type"": ""quotation""} | {""bold_text_offsets"": [[71, 77]], ""ref"": ""1870 February 1, “The Teal”, in John Eller Taylor, Mordecai Cubitt Cooke, editor, Hardwicke's Science-gossip, Robert Hardwicke, page 35:"", ""text"": ""Of all the prizes with which a wild-fowl shooter could wish to meet, a spring of Teal is amongst the first."", ""type"": ""quotation""}",KEEP SEPARATE,Distinct learner use; preserve as separate meaning.
spring:noun:4317d20f2257:ed0a130ddaa434f7,181,spring,noun,,WIK:wiktionary-20260901:m004.3-v1:en:0c1be4aedbd40785a02d1d57:content:6af8ba488cb49c31f2590274:1:sense,"Springiness: an attribute or quality of springing, springing up, or springing back, particularly | Elastic energy, power, or force.",countable;uncountable,"{""ref"": ""1697, John Dryden, Virgil's Aeneis, Bk. xi, ll. 437–8"", ""text"": ""Heav'ns what a spring was in his Arm, to throw:\nHow high he held his Shield, and rose at ev'ry blow!""} | {""bold_text_offsets"": [[67, 73]], ""ref"": ""1891, Thomas Hardy, Tess of the d'Urbervilles, volume 1, London: James R. Osgood, McIlvaine and Co., page 30:"", ""text"": ""Mrs Durbeyfield, excited by her song, trod the rocker with all the spring that was left in her after a long day's seething in the suds."", ""type"": ""quotation""}",WIK:wiktionary-20260901:m004.3-v1:en:0c1be4aedbd40785a02d1d57:content:b1176ed4918b74914c61f202:1:sense,"Springiness: an attribute or quality of springing, springing up, or springing back, particularly | Elasticity: the property of a body springing back to its original form after compression, stretching, etc.",countable;uncountable,"{""bold_text_offsets"": [[4, 10]], ""text"": ""the spring of a bow"", ""type"": ""example""}",MERGE,"Same learner concept: springiness/elasticity, expressed as restoring force/energy versus property."
spring:noun:4317d20f2257:ed308b79df0bd471,182,spring,noun,,WIK:wiktionary-20260901:m004.3-v1:en:0c1be4aedbd40785a02d1d57:content:1b8241c67e87276732c2e32f:1:sense,"Something which springs, springs forth, springs up, or springs back, particularly | A shoot, a young tree.",countable;uncountable,,WIK:wiktionary-20260901:m004.3-v1:en:0c1be4aedbd40785a02d1d57:content:d7cd2c672a4a5cbc226319f5:1:sense,"Something which springs, springs forth, springs up, or springs back, particularly | A group of teal.",collective;countable;uncountable,"{""bold_text_offsets"": [[108, 114]], ""ref"": ""2013, H. Folkard, The Wildfowler - A Treatise on Fowling, Ancient and Modern, Read Books Limited:"", ""text"": ""It is sometimes the practice of the fowler to delay his performances a few days when there are only a small spring of teal; this delay frequently proves highly judicious, for when undisturbed they assemble at decoys in great numbers."", ""type"": ""quotation""} | {""bold_text_offsets"": [[29, 35]], ""ref"": ""1894, “Humber Shore-Shooting”, in Baily's Magazine of Sports Pastimes, volume 64, page 289:"", ""text"": ""A peep over the bank, and a \""spring\"" of teal are up, but only to divide into two, and I mark down the larger one into open water some hundred and fifty yards off."", ""type"": ""quotation""} | {""bold_text_offsets"": [[71, 77]], ""ref"": ""1870 February 1, “The Teal”, in John Eller Taylor, Mordecai Cubitt Cooke, editor, Hardwicke's Science-gossip, Robert Hardwicke, page 35:"", ""text"": ""Of all the prizes with which a wild-fowl shooter could wish to meet, a spring of Teal is amongst the first."", ""type"": ""quotation""}",KEEP SEPARATE,Distinct learner use; preserve as separate meaning.
strike:verb:536b870be4f2:0d3e2102a50185fc,183,strike,verb,,WIK:wiktionary-20260901:m004.3-v1:en:e0bfe78353bd3cf0d7410a3a:content:23cbeec6c57b496d7f4b8405:1:sense,"To have a sharp or severe effect on a more abstract level. | To make a sudden impression upon, as if by a blow; to affect with some strong emotion.",,"{""bold_text_offsets"": [[3, 9], [38, 44]], ""tags"": [""collocation""], ""text"": ""to strike the mind with surprise;  to strike somebody with wonder, alarm, dread, or horror"", ""type"": ""example""} | {""bold_text_offsets"": [[42, 48]], ""ref"": ""1734, Francis Atterbury, “A Sermon Preached at the Rolls, December 24, 1710: The Baptist's Message to Jesus, and Jesus's Answer Explained”, in Sermons on Several Occasions, new edition, volume I, published from the originals by Thomas Moore, London; reprinted in Sermons and Discourses on Several Subjects and Occasions, volume II, London, 1820, page 25:"", ""text"": ""In like manner the writings of mere men[…]strike and surprise us most upon our first perusal of them[…]."", ""type"": ""quotation""} | {""bold_text_offsets"": [[195, 201]], ""ref"": ""1734, Alexander Pope, An Epistle To The Right Honourable Richard Lord Viscount Cobham; reprinted in Henry W. Boynton, editor, The Complete Poetical Works of Alexander Pope (The Cambridge Edition of the Poets), Boston; New York: Houghton Mifflin Company, 1903, page 159, lines 141–144:"", ""text"": ""Court-virtues bear, like gems, the highest rate, / Born where Heav'n's influence scarce can penetrate. / In life's low vale, the soil the virtues like, / They please as beauties, here as wonders strike."", ""type"": ""quotation""}",WIK:wiktionary-20260901:m004.3-v1:en:e0bfe78353bd3cf0d7410a3a:content:318689159829bd240487e19c:1:sense,To have a sharp or severe effect on a more abstract level. | To affect by a sudden impression or impulse.,,"{""bold_text_offsets"": [[18, 25]], ""text"": ""The proposed plan strikes me favourably."", ""type"": ""example""} | {""bold_text_offsets"": [[6, 12]], ""text"": ""I was struck dumb with astonishment."", ""type"": ""example""}",MERGE,Near-paraphrase: to make or receive a sudden strong impression/effect.
table:noun:60c1c69e4837:0e9c0252ca11773b,184,table,noun,,WIK:wiktionary-20260901:m004.3-v1:en:492ee8dc05bfcd652db01d1d:content:ca940238eca71a785826dec9:1:sense,"A group of people at a table, for example, for a meal, meeting or game; a meeting at a table. | A group of diners at a given table or tables.",metonymically,"{""bold_text_offsets"": [[0, 5]], ""text"": ""Table 9 wants another round of beers."", ""type"": ""example""} | {""bold_text_offsets"": [[56, 62]], ""text"": ""John always gets the best tips because he gets the best tables! It's not fair!"", ""type"": ""example""}",WIK:wiktionary-20260901:m004.3-v1:en:492ee8dc05bfcd652db01d1d:content:d54ffb7dbfc0888fa320f677:1:sense,"A group of people at a table, for example, for a meal, meeting or game; a meeting at a table.",,"{""bold_text_offsets"": [[126, 131]], ""ref"": ""c. 1599–1602 (date written), William Shakespeare, “The Tragedie of Hamlet, Prince of Denmarke”, in Mr. William Shakespeares Comedies, Histories, & Tragedies […] (First Folio), London: […] Isaac Iaggard, and Ed[ward] Blount, published 1623, →OCLC, [Act V, scene i], page 278, column 1:"", ""text"": ""Alas poore Yorick […] VVhere be your Jibes now? Your Gambals? Your Songs? Your flaſhes of Merriment that were wont to ſet the Table on a Rore?"", ""type"": ""quotation""} | {""bold_text_offsets"": [[155, 160]], ""ref"": ""1897 December (indicated as 1898), Winston Churchill, chapter VIII, in The Celebrity: An Episode, New York, N.Y.: The Macmillan Company; London: Macmillan & Co., Ltd., →OCLC:"", ""text"": ""The humor of my proposition appealed more strongly to Miss Trevor than I had looked for, and from that time forward she became her old self again;[…]. Our table in the dining-room became again the abode of scintillating wit and caustic repartee, Farrar bracing up to his old standard, and the demand for seats in the vicinity rose to an animated competition."", ""type"": ""quotation""}",MERGE,Same learner meaning: a group of people/diners at a table; diner wording is contextual narrowing.
table:noun:60c1c69e4837:0f11b70dc2b900a5,185,table,noun,,WIK:wiktionary-20260901:m004.3-v1:en:492ee8dc05bfcd652db01d1d:content:5e73b30a5c0b2e2705da2865:1:sense,"Any of various flat surfaces or items with a planar surface. | A wide, flat obstacle for a horse to jump over.",,,WIK:wiktionary-20260901:m004.3-v1:en:492ee8dc05bfcd652db01d1d:content:d1f266dd74c8eb92421bab76:1:sense,"Any of various flat surfaces or items with a planar surface. | A tableland; a flat, elevated region.",,,KEEP SEPARATE,Distinct learner use; preserve as separate meaning.
table:noun:60c1c69e4837:2284dcb2e113662e,186,table,noun,,WIK:wiktionary-20260901:m004.3-v1:en:492ee8dc05bfcd652db01d1d:content:0cc563a298fa66020986543b:1:sense,Any of various flat surfaces or items with a planar surface. | A flat length of bone.,,,WIK:wiktionary-20260901:m004.3-v1:en:492ee8dc05bfcd652db01d1d:content:d1f266dd74c8eb92421bab76:1:sense,"Any of various flat surfaces or items with a planar surface. | A tableland; a flat, elevated region.",,,KEEP SEPARATE,Distinct learner use; preserve as separate meaning.
table:noun:60c1c69e4837:38e5edb17c552fae,187,table,noun,,WIK:wiktionary-20260901:m004.3-v1:en:492ee8dc05bfcd652db01d1d:content:0c88a07e71bc3612148d959e:1:sense,Any of various flat surfaces or items with a planar surface. | A flat surface that supports the slab on which ink is rolled to manipulate its consistency.,,,WIK:wiktionary-20260901:m004.3-v1:en:492ee8dc05bfcd652db01d1d:content:4ac6c80d1eb750cef007bed7:1:sense,"Any of various flat surfaces or items with a planar surface. | The top of a stringed instrument, particularly a member of the violin family: the side of the instrument against which the strings vibrate.",,,KEEP SEPARATE,Distinct learner use; preserve as separate meaning.
table:noun:60c1c69e4837:412c2dcda9c1d326,188,table,noun,,WIK:wiktionary-20260901:m004.3-v1:en:492ee8dc05bfcd652db01d1d:content:5e73b30a5c0b2e2705da2865:1:sense,"Any of various flat surfaces or items with a planar surface. | A wide, flat obstacle for a horse to jump over.",,,WIK:wiktionary-20260901:m004.3-v1:en:492ee8dc05bfcd652db01d1d:content:8d5a310bdb9264ddfb041c55:1:sense,Any of various flat surfaces or items with a planar surface. | A horizontal stratum of rock.,,,KEEP SEPARATE,Distinct learner use; preserve as separate meaning.
table:noun:60c1c69e4837:63b38222c5485ef1,189,table,noun,,WIK:wiktionary-20260901:m004.3-v1:en:492ee8dc05bfcd652db01d1d:content:5e73b30a5c0b2e2705da2865:1:sense,"Any of various flat surfaces or items with a planar surface. | A wide, flat obstacle for a horse to jump over.",,,WIK:wiktionary-20260901:m004.3-v1:en:492ee8dc05bfcd652db01d1d:content:660afa092c613dc20661ff76:1:sense,Any of various flat surfaces or items with a planar surface. | A flat gravestone supported on pillars.,,,KEEP SEPARATE,Distinct learner use; preserve as separate meaning.
table:noun:60c1c69e4837:718161b486a75ef7,190,table,noun,,WIK:wiktionary-20260901:m004.3-v1:en:492ee8dc05bfcd652db01d1d:content:0efdc1ceecb1cef1ce673ef0:1:sense,Furniture with a top surface to accommodate a variety of uses. | A supply of food or entertainment.,broadly;countable,"{""bold_text_offsets"": [[22, 27]], ""text"": ""The baron kept a fine table and often held large banquets."", ""type"": ""example""}",WIK:wiktionary-20260901:m004.3-v1:en:492ee8dc05bfcd652db01d1d:content:36c016b1e4f2bee0ae09e2c6:1:sense,Furniture with a top surface to accommodate a variety of uses. | A service of Holy Communion.,countable,,KEEP SEPARATE,Distinct learner use; preserve as separate meaning.
table:noun:60c1c69e4837:7b76be9465ad5bd0,191,table,noun,,WIK:wiktionary-20260901:m004.3-v1:en:492ee8dc05bfcd652db01d1d:content:36c016b1e4f2bee0ae09e2c6:1:sense,Furniture with a top surface to accommodate a variety of uses. | A service of Holy Communion.,countable,,WIK:wiktionary-20260901:m004.3-v1:en:492ee8dc05bfcd652db01d1d:content:4455eea4f9b97e3d00454f8d:1:sense,"Furniture with a top surface to accommodate a variety of uses. | One half of a backgammon board, which is divided into an inner and outer table. | The game of backgammon, or any of several related games.",countable;historical;plural,,KEEP SEPARATE,Distinct learner use; preserve as separate meaning.
table:noun:60c1c69e4837:7fede189ed886dc6,192,table,noun,,WIK:wiktionary-20260901:m004.3-v1:en:492ee8dc05bfcd652db01d1d:content:660afa092c613dc20661ff76:1:sense,Any of various flat surfaces or items with a planar surface. | A flat gravestone supported on pillars.,,,WIK:wiktionary-20260901:m004.3-v1:en:492ee8dc05bfcd652db01d1d:content:8d5a310bdb9264ddfb041c55:1:sense,Any of various flat surfaces or items with a planar surface. | A horizontal stratum of rock.,,,KEEP SEPARATE,Distinct learner use; preserve as separate meaning.
table:noun:60c1c69e4837:8302a51bec786939,193,table,noun,,WIK:wiktionary-20260901:m004.3-v1:en:492ee8dc05bfcd652db01d1d:content:1460d6ffc8f9bf52ee404477:1:sense,"Any of various flat surfaces or items with a planar surface. | The quadrangle, a space between the heart line and head line.",,,WIK:wiktionary-20260901:m004.3-v1:en:492ee8dc05bfcd652db01d1d:content:5e73b30a5c0b2e2705da2865:1:sense,"Any of various flat surfaces or items with a planar surface. | A wide, flat obstacle for a horse to jump over.",,,KEEP SEPARATE,Distinct learner use; preserve as separate meaning.
table:noun:60c1c69e4837:96af2e927ac97f13,194,table,noun,,WIK:wiktionary-20260901:m004.3-v1:en:492ee8dc05bfcd652db01d1d:content:0614e3eaf63a8b36c32352ca:1:sense,"Furniture with a top surface to accommodate a variety of uses. | The board or table-like furniture on which a game is played, such as snooker, billiards, or draughts.",countable,,WIK:wiktionary-20260901:m004.3-v1:en:492ee8dc05bfcd652db01d1d:content:36c016b1e4f2bee0ae09e2c6:1:sense,Furniture with a top surface to accommodate a variety of uses. | A service of Holy Communion.,countable,,KEEP SEPARATE,Distinct learner use; preserve as separate meaning.
table:noun:60c1c69e4837:a947442bfd1ad484,195,table,noun,,WIK:wiktionary-20260901:m004.3-v1:en:492ee8dc05bfcd652db01d1d:content:0cc563a298fa66020986543b:1:sense,Any of various flat surfaces or items with a planar surface. | A flat length of bone.,,,WIK:wiktionary-20260901:m004.3-v1:en:492ee8dc05bfcd652db01d1d:content:5e73b30a5c0b2e2705da2865:1:sense,"Any of various flat surfaces or items with a planar surface. | A wide, flat obstacle for a horse to jump over.",,,KEEP SEPARATE,Distinct learner use; preserve as separate meaning.
table:noun:60c1c69e4837:ac6ae845637a14b5,196,table,noun,,WIK:wiktionary-20260901:m004.3-v1:en:492ee8dc05bfcd652db01d1d:content:4455eea4f9b97e3d00454f8d:1:sense,"Furniture with a top surface to accommodate a variety of uses. | One half of a backgammon board, which is divided into an inner and outer table. | The game of backgammon, or any of several related games.",countable;historical;plural,,WIK:wiktionary-20260901:m004.3-v1:en:492ee8dc05bfcd652db01d1d:content:cdd4ef0c0719056b1e865de9:1:sense,"Furniture with a top surface to accommodate a variety of uses. | One half of a backgammon board, which is divided into an inner and outer table.",countable,,KEEP SEPARATE,Distinct learner use; preserve as separate meaning.
table:noun:60c1c69e4837:ad349147eacff9c5,197,table,noun,,WIK:wiktionary-20260901:m004.3-v1:en:492ee8dc05bfcd652db01d1d:content:8d5a310bdb9264ddfb041c55:1:sense,Any of various flat surfaces or items with a planar surface. | A horizontal stratum of rock.,,,WIK:wiktionary-20260901:m004.3-v1:en:492ee8dc05bfcd652db01d1d:content:d1f266dd74c8eb92421bab76:1:sense,"Any of various flat surfaces or items with a planar surface. | A tableland; a flat, elevated region.",,,KEEP SEPARATE,Distinct learner use; preserve as separate meaning.
table:noun:60c1c69e4837:c77b3bd85e0f860c,198,table,noun,,WIK:wiktionary-20260901:m004.3-v1:en:492ee8dc05bfcd652db01d1d:content:660afa092c613dc20661ff76:1:sense,Any of various flat surfaces or items with a planar surface. | A flat gravestone supported on pillars.,,,WIK:wiktionary-20260901:m004.3-v1:en:492ee8dc05bfcd652db01d1d:content:d1f266dd74c8eb92421bab76:1:sense,"Any of various flat surfaces or items with a planar surface. | A tableland; a flat, elevated region.",,,KEEP SEPARATE,Distinct learner use; preserve as separate meaning.
table:noun:60c1c69e4837:e8cd9c768f2fe710,199,table,noun,,WIK:wiktionary-20260901:m004.3-v1:en:492ee8dc05bfcd652db01d1d:content:293f81839f4d1acb88c8d41a:1:sense,Any of various flat surfaces or items with a planar surface. | The flat topmost facet of a cut diamond.,,,WIK:wiktionary-20260901:m004.3-v1:en:492ee8dc05bfcd652db01d1d:content:660afa092c613dc20661ff76:1:sense,Any of various flat surfaces or items with a planar surface. | A flat gravestone supported on pillars.,,,KEEP SEPARATE,Distinct learner use; preserve as separate meaning.
table:noun:60c1c69e4837:ec7f3e5cc2083980,200,table,noun,,WIK:wiktionary-20260901:m004.3-v1:en:492ee8dc05bfcd652db01d1d:content:8d5a310bdb9264ddfb041c55:1:sense,Any of various flat surfaces or items with a planar surface. | A horizontal stratum of rock.,,,WIK:wiktionary-20260901:m004.3-v1:en:492ee8dc05bfcd652db01d1d:content:b82960d75ab7e396b0a99535:1:sense,Any of various flat surfaces or items with a planar surface. | A stringcourse; a band of horizontal molding or other decoration around a building.,,,KEEP SEPARATE,Distinct learner use; preserve as separate meaning.
